Orthogroup	53503-Pc.singCopy	uniProt.taxonomy_id_500485
OG0005142	53503-Pc.00g023510.m01.polypeptide.OG0001851	
OG0005143	53503-Pc.00g027770.m01.polypeptide.OG0002087	
OG0005144	53503-Pc.00g059230.m01.polypeptide.OG0002123	
OG0005145	53503-Pc.00g058410.m01.polypeptide.OG0002225	
OG0005146	53503-Pc.00g053600.m01.polypeptide.OG0002320	
OG0005147	53503-Pc.00g036770.m01.polypeptide.OG0002358	
OG0005148	53503-Pc.00g053200.m01.polypeptide.OG0002378	
OG0005149	53503-Pc.00g054580.m01.polypeptide.OG0002436	
OG0005150	53503-Pc.00g024000.m01.polypeptide.OG0002454	
OG0005151	53503-Pc.00g000490.m01.polypeptide.OG0002491	
OG0005152	53503-Pc.00g078140.m01.polypeptide.OG0002579	
OG0005153	53503-Pc.00g047810.m01.polypeptide.OG0002769	
OG0005154	53503-Pc.00g032020.m01.polypeptide.OG0002825	
OG0005155	53503-Pc.00g032030.m01.polypeptide.OG0002826	
OG0005156	53503-Pc.00g032040.m01.polypeptide.OG0002827	
OG0005157	53503-Pc.00g041380.m01.polypeptide.OG0002915	
OG0005158	53503-Pc.00g090510.m01.polypeptide.OG0002934	
OG0005159	53503-Pc.00g092800.m01.polypeptide.OG0003096	
OG0005160	53503-Pc.00g057650.m01.polypeptide.OG0003122	
OG0005161	53503-Pc.00g017720.m01.polypeptide.OG0003149	
OG0005162	53503-Pc.00g051190.m01.polypeptide.OG0003187	
OG0005163	53503-Pc.00g026790.m01.polypeptide.OG0003467	
OG0005164	53503-Pc.00g026830.m01.polypeptide.OG0003471	
OG0005165	53503-Pc.00g044560.m01.polypeptide.OG0003618	
OG0005166	53503-Pc.00g011770.m01.polypeptide.OG0003690	
OG0005167	53503-Pc.00g037610.m01.polypeptide.OG0003776	
OG0005168	53503-Pc.00g005760.m01.polypeptide.OG0003948	
OG0005169	53503-Pc.00g005720.m01.polypeptide.OG0003952	
OG0005170	53503-Pc.00g077580.m01.polypeptide.OG0003962	
OG0005171	53503-Pc.00g047240.m01.polypeptide.OG0004039	
OG0005172	53503-Pc.00g052750.m01.polypeptide.OG0004095	
OG0005173	53503-Pc.00g019730.m01.polypeptide.OG0004150	
OG0005174	53503-Pc.00g071070.m01.polypeptide.OG0004284	
OG0005175	53503-Pc.00g025120.m01.polypeptide.OG0004333	
OG0005176	53503-Pc.00g100190.m01.polypeptide.OG0004465	
OG0005177	53503-Pc.00g059770.m01.polypeptide.OG0004592	
OG0005178	53503-Pc.00g017960.m01.polypeptide.OG0004607	
OG0005179	53503-Pc.00g045290.m01.polypeptide.OG0004732	
OG0005180	53503-Pc.00g085180.m01.polypeptide.OG0004933	
OG0005181	53503-Pc.00g083510.m01.polypeptide.OG0005011	
OG0005182	53503-Pc.00g024430.m01.polypeptide.OG0005023	
OG0005183	53503-Pc.00g099720.m01.polypeptide.OG0005214	
OG0005184	53503-Pc.00g080180.m01.polypeptide.OG0005216	
OG0005185	53503-Pc.00g031200.m01.polypeptide.OG0005258	
OG0005186	53503-Pc.00g074340.m01.polypeptide.OG0005321	
OG0005187	53503-Pc.00g092100.m01.polypeptide.OG0005344	
OG0005188	53503-Pc.00g029550.m01.polypeptide.OG0005817	
OG0005189	53503-Pc.00g015600.m01.polypeptide.OG0005846	
OG0005190	53503-Pc.00g047150.m01.polypeptide.OG0005857	
OG0005191	53503-Pc.00g021870.m01.polypeptide.OG0005912	
OG0005192	53503-Pc.00g085840.m01.polypeptide.OG0005923	
OG0005193	53503-Pc.00g090010.m01.polypeptide.OG0006017	
OG0005194	53503-Pc.00g049760.m01.polypeptide.OG0006045	
OG0005195	53503-Pc.00g057810.m01.polypeptide.OG0006102	
OG0005196	53503-Pc.00g095410.m01.polypeptide.OG0006167	
OG0005197	53503-Pc.00g095370.m01.polypeptide.OG0006170	
OG0005198	53503-Pc.00g028500.m01.polypeptide.OG0006270	
OG0005199	53503-Pc.00g051520.m01.polypeptide.OG0006368	
OG0005200	53503-Pc.00g041920.m01.polypeptide.OG0006379	
OG0005201	53503-Pc.00g021090.m01.polypeptide.OG0006385	
OG0005202	53503-Pc.00g022850.m01.polypeptide.OG0006394	
OG0005203		Pc20g00590
OG0005204		Pc06g01770
OG0005205		Pc12g09290
OG0005206		Pc13g04920
OG0005207		Pc13g07690
OG0005208		Pc16g01030
OG0005209		Pc16g11890
OG0005210		Pc16g13750
OG0005211		Pc18g03430
OG0005212		Pc18g00650
OG0005213		Pc20g12160
OG0005214		Pc20g00600
OG0005215		Pc20g13370
OG0005216		Pc20g01120
OG0005217		Pc21g15430
OG0005218		Pc21g11800
OG0005219		Pc21g07970
OG0005220		Pc22g02910
OG0005221		Pc22g03390
OG0005222		Pc22g12370
OG0005223		Pc22g09050
OG0005224		Pc22g05420
OG0005225		Pc22g13190
OG0005226		Pc06g00090
OG0005227		Pc06g00420
OG0005228		Pc12g11190
OG0005229		Pc12g07820
OG0005230		Pc12g11640
OG0005231		Pc12g00570
OG0005232		Pc12g04480
OG0005233		Pc12g15810
OG0005234		Pc12g04630
OG0005235		Pc12g01040
OG0005236		Pc12g01520
OG0005237		Pc12g09430
OG0005238		Pc12g09590
OG0005239		Pc12g13200
OG0005240		Pc12g13690
OG0005241		Pc12g06360
OG0005242		Pc12g13960
OG0005243		Pc12g03130
OG0005244		Pc13g02400
OG0005245		Pc13g01490
OG0005246		Pc13g03130
OG0005247		Pc13g04040
OG0005248		Pc13g04880
OG0005249		Pc13g14510
OG0005250		Pc13g15510
OG0005251		Pc13g15380
OG0005252		Pc13g15390
OG0005253		Pc13g05690
OG0005254		Pc13g05790
OG0005255		Pc13g07180
OG0005256		Pc13g07340
OG0005257		Pc13g09600
OG0005258		Pc13g07650
OG0005259		Pc13g07980
OG0005260		Pc13g10090
OG0005261		Pc13g10180
OG0005262		Pc13g12160
OG0005263		Pc14g00760
OG0005264		Pc14g01130
OG0005265		Pc14g01740
OG0005266		Pc14g01800
OG0005267		Pc14g01830
OG0005268		Pc15g01810
OG0005269		Pc15g00430
OG0005270		Pc16g01730
OG0005271		Pc16g02040
OG0005272		Pc16g06540
OG0005273		Pc16g08190
OG0005274		Pc16g08390
OG0005275		Pc16g08430
OG0005276		Pc16g08670
OG0005277		Pc16g10540
OG0005278		Pc16g05630
OG0005279		Pc16g09710
OG0005280		Pc16g04380
OG0005281		Pc16g09160
OG0005282		Pc16g11980
OG0005283		Pc16g11870
OG0005284		Pc16g14150
OG0005285		Pc16g12400
OG0005286		Pc18g03550
OG0005287		Pc18g03930
OG0005288		Pc18g04050
OG0005289		Pc18g04530
OG0005290		Pc18g04780
OG0005291		Pc18g00800
OG0005292		Pc18g05330
OG0005293		Pc18g02010
OG0005294		Pc18g02350
OG0005295		Pc20g01320
OG0005296		Pc20g01330
OG0005297		Pc20g07030
OG0005298		Pc20g07050
OG0005299		Pc20g07380
OG0005300		Pc20g07390
OG0005301		Pc20g07400
OG0005302		Pc20g07230
OG0005303		Pc20g15430
OG0005304		Pc20g07870
OG0005305		Pc20g08970
OG0005306		Pc20g08990
OG0005307		Pc20g05600
OG0005308		Pc20g05620
OG0005309		Pc20g03120
OG0005310		Pc20g09840
OG0005311		Pc20g09860
OG0005312		Pc20g10900
OG0005313		Pc20g11110
OG0005314		Pc20g11450
OG0005315		Pc20g11890
OG0005316		Pc20g00740
OG0005317		Pc20g12680
OG0005318		Pc20g12770
OG0005319		Pc20g13270
OG0005320		Pc20g14240
OG0005321		Pc21g23030
OG0005322		Pc21g23070
OG0005323		Pc21g23080
OG0005324		Pc21g10150
OG0005325		Pc21g10160
OG0005326		Pc21g14410
OG0005327		Pc21g18870
OG0005328		Pc21g23380
OG0005329		Pc21g01250
OG0005330		Pc21g14820
OG0005331		Pc21g18920
OG0005332		Pc21g19110
OG0005333		Pc21g19150
OG0005334		Pc21g06170
OG0005335		Pc21g23780
OG0005336		Pc21g06820
OG0005337		Pc21g15490
OG0005338		Pc21g06990
OG0005339		Pc21g07050
OG0005340		Pc21g11270
OG0005341		Pc21g15700
OG0005342		Pc21g20230
OG0005343		Pc21g20700
OG0005344		Pc21g07960
OG0005345		Pc21g16450
OG0005346		Pc21g08390
OG0005347		Pc21g21730
OG0005348		Pc21g04270
OG0005349		Pc21g22050
OG0005350		Pc21g08900
OG0005351		Pc21g18010
OG0005352		Pc21g13930
OG0005353		Pc21g18130
OG0005354		Pc21g18190
OG0005355		Pc22g02310
OG0005356		Pc22g00530
OG0005357		Pc22g03070
OG0005358		Pc22g11260
OG0005359		Pc22g15520
OG0005360		Pc22g15680
OG0005361		Pc22g06850
OG0005362		Pc22g11350
OG0005363		Pc22g15910
OG0005364		Pc22g20250
OG0005365		Pc22g20330
OG0005366		PAD1
OG0005367		Pc22g03450
OG0005368		Pc22g12490
OG0005369		Pc22g12540
OG0005370		Pc22g25210
OG0005371		Pc22g03820
OG0005372		Pc22g03830
OG0005373		Pc22g21290
OG0005374		Pc22g25660
OG0005375		Pc22g08590
OG0005376		PCH_Pc22g17560
OG0005377		Pc22g04720
OG0005378		Pc22g04770
OG0005379		Pc22g13990
OG0005380		Pc22g14000
OG0005381		Pc22g09580
OG0005382		Pc22g14160
OG0005383		Pc22g18330
OG0005384		Pc22g18340
OG0005385		Pc22g05470
OG0005386		Pc22g09950
OG0005387		Pc22g18630
OG0005388		Pc22g05740
OG0005389		Pc22g05750
OG0005390		Pc22g05880
OG0005391		Pc22g14760
OG0005392		Pc22g14870
OG0005393		Pc22g19030
OG0005394		Pc22g23300
OG0005395		Pc22g06020
OG0005396		Pc22g06140
OG0005397		Pc22g23610
OG0005398		Pc22g06370
OG0005399		Pc22g19620
OG0005400		Pc22g23810
OG0005401		Pc49g00090
OG0005402		Pc_m0010
OG0005403		Pc_m0030
OG0005404		Pc_m0070
OG0005405		Pc_m0080
OG0005406		Pc_m0110
OG0005407		Pc_m0120
OG0005408		Pc_m0390
OG0005409		Pc_m0400
OG0005410		Pc_m0420
OG0005411		Pc01g00020
OG0005412		Pc03g00030
OG0005413		Pc03g00050
OG0005414		Pc03g00080
OG0005415		Pc03g00100
OG0005416		Pc03g00110
OG0005417		Pc03g00270
OG0005418		Pc03g00310
OG0005419		Pc04g00040
OG0005420		Pc06g00010
OG0005421		Pc06g00020
OG0005422		Pc06g00030
OG0005423		Pc06g00070
OG0005424		Pc06g00130
OG0005425		Pc06g00200
OG0005426		Pc06g00220
OG0005427		Pc06g00230
OG0005428		Pc06g00330
OG0005429		Pc06g00340
OG0005430		Pc06g00410
OG0005431		Pc06g00450
OG0005432		Pc06g00460
OG0005433		Pc06g00510
OG0005434		Pc06g00540
OG0005435		Pc06g00590
OG0005436		Pc06g00690
OG0005437		Pc06g00720
OG0005438		Pc06g00730
OG0005439		Pc06g00820
OG0005440		Pc06g00870
OG0005441		Pc06g00880
OG0005442		Pc06g00900
OG0005443		Pc06g00920
OG0005444		Pc06g00990
OG0005445		Pc06g01030
OG0005446		Pc06g01060
OG0005447		Pc06g01100
OG0005448		Pc06g01130
OG0005449		Pc06g01200
OG0005450		Pc06g01900
OG0005451		Pc06g01930
OG0005452		Pc06g01280
OG0005453		Pc06g01470
OG0005454		Pc06g01500
OG0005455		Pc06g01560
OG0005456		Pc06g01950
OG0005457		Pc06g01960
OG0005458		Pc06g02000
OG0005459		Pc06g02030
OG0005460		Pc06g02050
OG0005461		Pc06g02130
OG0005462		Pc06g02140
OG0005463		Pc06g01570
OG0005464		Pc06g01590
OG0005465		Pc06g01620
OG0005466		Pc06g01700
OG0005467		Pc06g01710
OG0005468		Pc06g01720
OG0005469		Pc06g01760
OG0005470		Pc06g01840
OG0005471		Pc06g02320
OG0005472		Pc06g02360
OG0005473		Pc08g00080
OG0005474		Pc08g00090
OG0005475		Pc08g00030
OG0005476		Pc09g00060
OG0005477		Pc09g00090
OG0005478		Pc09g00120
OG0005479		Pc09g00130
OG0005480		Pc09g00400
OG0005481		Pc10g00010
OG0005482		Pc12g03480
OG0005483		Pc12g03520
OG0005484		Pc12g03580
OG0005485		Pc12g07220
OG0005486		Pc12g07230
OG0005487		Pc12g07240
OG0005488		Pc12g07320
OG0005489		Pc12g07330
OG0005490		Pc12g07340
OG0005491		Pc12g07360
OG0005492		Pc12g10910
OG0005493		Pc12g10960
OG0005494		Pc12g11000
OG0005495		Pc12g14720
OG0005496		Pc12g14740
OG0005497		Pc12g14780
OG0005498		Pc12g14870
OG0005499		Pc12g00110
OG0005500		Pc12g03700
OG0005501		Pc12g03760
OG0005502		Pc12g03780
OG0005503		Pc12g03790
OG0005504		Pc12g03810
OG0005505		Pc12g03820
OG0005506		Pc12g03840
OG0005507		Pc12g03850
OG0005508		Pc12g03860
OG0005509		Pc12g03880
OG0005510		Pc12g07400
OG0005511		Pc12g07550
OG0005512		Pc12g07560
OG0005513		Pc12g07580
OG0005514		Pc12g11140
OG0005515		Pc12g11280
OG0005516		Pc12g11310
OG0005517		Pc12g11350
OG0005518		Pc12g15030
OG0005519		Pc12g15050
OG0005520		Pc12g15090
OG0005521		Pc12g00170
OG0005522		Pc12g00280
OG0005523		Pc12g00310
OG0005524		Pc12g04000
OG0005525		Pc12g04100
OG0005526		Pc12g07730
OG0005527		Pc12g07800
OG0005528		Pc12g07840
OG0005529		Pc12g11440
OG0005530		Pc12g11450
OG0005531		Pc12g11460
OG0005532		Pc12g11540
OG0005533		Pc12g11580
OG0005534		Pc12g15160
OG0005535		Pc12g15200
OG0005536		Pc12g15220
OG0005537		Pc12g15250
OG0005538		Pc12g15260
OG0005539		Pc12g15270
OG0005540		Pc12g00490
OG0005541		Pc12g00520
OG0005542		Pc12g04130
OG0005543		Pc12g04150
OG0005544		Pc12g04170
OG0005545		Pc12g04190
OG0005546		Pc12g04230
OG0005547		Pc12g04320
OG0005548		Pc12g07930
OG0005549		Pc12g07970
OG0005550		Pc12g08000
OG0005551		Pc12g08010
OG0005552		Pc12g08070
OG0005553		Pc12g08090
OG0005554		Pc12g11620
OG0005555		Pc12g11650
OG0005556		Pc12g11660
OG0005557		Pc12g11690
OG0005558		Pc12g11710
OG0005559		Pc12g11720
OG0005560		Pc12g11790
OG0005561		Pc12g11810
OG0005562		Pc12g15340
OG0005563		Pc12g15400
OG0005564		Pc12g15410
OG0005565		Pc12g15470
OG0005566		Pc12g15480
OG0005567		Pc12g15530
OG0005568		Pc12g15570
OG0005569		Pc12g15580
OG0005570		Pc12g15590
OG0005571		Pc12g00590
OG0005572		Pc12g00640
OG0005573		Pc12g00680
OG0005574		Pc12g00700
OG0005575		Pc12g00740
OG0005576		Pc12g00750
OG0005577		Pc12g00760
OG0005578		Pc12g00770
OG0005579		Pc12g04450
OG0005580		Pc12g04540
OG0005581		Pc12g08130
OG0005582		Pc12g08190
OG0005583		Pc12g08200
OG0005584		Pc12g08250
OG0005585		Pc12g08270
OG0005586		Pc12g08310
OG0005587		Pc12g08330
OG0005588		Pc12g11830
OG0005589		Pc12g11850
OG0005590		Pc12g11910
OG0005591		Pc12g11920
OG0005592		Pc12g12010
OG0005593		Pc12g15690
OG0005594		Pc12g15700
OG0005595		Pc12g15770
OG0005596		Pc12g15800
OG0005597		Pc12g00790
OG0005598		Pc12g00900
OG0005599		Pc12g00950
OG0005600		Pc12g04580
OG0005601		Pc12g04610
OG0005602		Pc12g04640
OG0005603		Pc12g04690
OG0005604		Pc12g04700
OG0005605		Pc12g08460
OG0005606		Pc12g08470
OG0005607		Pc12g08480
OG0005608		Pc12g08510
OG0005609		Pc12g08550
OG0005610		Pc12g08560
OG0005611		Pc12g08620
OG0005612		Pc12g12090
OG0005613		Pc12g12170
OG0005614		Pc12g12180
OG0005615		Pc12g12280
OG0005616		Pc12g12310
OG0005617		Pc12g15870
OG0005618		Pc12g15900
OG0005619		Pc12g00980
OG0005620		Pc12g00990
OG0005621		Pc12g01020
OG0005622		Pc12g01050
OG0005623		Pc12g01120
OG0005624		Pc12g01150
OG0005625		Pc12g01180
OG0005626		Pc12g01190
OG0005627		Pc12g01200
OG0005628		Pc12g01210
OG0005629		Pc12g01220
OG0005630		Pc12g04770
OG0005631		Pc12g04810
OG0005632		Pc12g08670
OG0005633		Pc12g08720
OG0005634		Pc12g08730
OG0005635		Pc12g08850
OG0005636		Pc12g08880
OG0005637		Pc12g12350
OG0005638		Pc12g12390
OG0005639		Pc12g12420
OG0005640		Pc12g12490
OG0005641		Pc12g16120
OG0005642		Pc12g16140
OG0005643		Pc12g16230
OG0005644		Pc12g01250
OG0005645		Pc12g01270
OG0005646		Pc12g01280
OG0005647		Pc12g01310
OG0005648		Pc12g01340
OG0005649		Pc12g01360
OG0005650		Pc12g01380
OG0005651		Pc12g01410
OG0005652		Pc12g01470
OG0005653		Pc12g01500
OG0005654		Pc12g01530
OG0005655		Pc12g04990
OG0005656		Pc12g05060
OG0005657		Pc12g05110
OG0005658		Pc12g05190
OG0005659		Pc12g08960
OG0005660		Pc12g08970
OG0005661		Pc12g09050
OG0005662		Pc12g09100
OG0005663		Pc12g09110
OG0005664		Pc12g12550
OG0005665		Pc12g12590
OG0005666		Pc12g12600
OG0005667		Pc12g12620
OG0005668		Pc12g12680
OG0005669		Pc12g16340
OG0005670		Pc12g16380
OG0005671		Pc12g16400
OG0005672		Pc12g16410
OG0005673		Pc12g16480
OG0005674		Pc12g16560
OG0005675		Pc12g01570
OG0005676		Pc12g01580
OG0005677		Pc12g01600
OG0005678		Pc12g01620
OG0005679		Pc12g01660
OG0005680		Pc12g01670
OG0005681		Pc12g01680
OG0005682		Pc12g01690
OG0005683		Pc12g01710
OG0005684		Pc12g01770
OG0005685		Pc12g05290
OG0005686		Pc12g05430
OG0005687		Pc12g09170
OG0005688		Pc12g09240
OG0005689		Pc12g09260
OG0005690		Pc12g09280
OG0005691		Pc12g09310
OG0005692		Pc12g09340
OG0005693		Pc12g09350
OG0005694		Pc12g09370
OG0005695		Pc12g12860
OG0005696		Pc12g12870
OG0005697		Pc12g12890
OG0005698		Pc12g12930
OG0005699		Pc12g12970
OG0005700		Pc12g13010
OG0005701		Pc12g01850
OG0005702		Pc12g01870
OG0005703		Pc12g01920
OG0005704		Pc12g01970
OG0005705		Pc12g02010
OG0005706		Pc12g02030
OG0005707		Pc12g05460
OG0005708		Pc12g05570
OG0005709		Pc12g05630
OG0005710		Pc12g05650
OG0005711		Pc12g05670
OG0005712		Pc12g09440
OG0005713		Pc12g09460
OG0005714		Pc12g09480
OG0005715		Pc12g09490
OG0005716		Pc12g09510
OG0005717		Pc12g09530
OG0005718		Pc12g09600
OG0005719		Pc12g13080
OG0005720		Pc12g13090
OG0005721		Pc12g13220
OG0005722		Pc12g13230
OG0005723		Pc12g13240
OG0005724		Pc12g13260
OG0005725		Pc12g13270
OG0005726		Pc12g02120
OG0005727		Pc12g02170
OG0005728		Pc12g02180
OG0005729		Pc12g02190
OG0005730		Pc12g02220
OG0005731		Pc12g02240
OG0005732		Pc12g05680
OG0005733		Pc12g05700
OG0005734		Pc12g05780
OG0005735		Pc12g05810
OG0005736		Pc12g05860
OG0005737		Pc12g05870
OG0005738		Pc12g09620
OG0005739		Pc12g09640
OG0005740		Pc12g09770
OG0005741		Pc12g09780
OG0005742		Pc12g13300
OG0005743		Pc12g13340
OG0005744		Pc12g13350
OG0005745		Pc12g13370
OG0005746		Pc12g13490
OG0005747		Pc12g02270
OG0005748		Pc12g02360
OG0005749		Pc12g02390
OG0005750		Pc12g02440
OG0005751		Pc12g05990
OG0005752		Pc12g06010
OG0005753		Pc12g06030
OG0005754		Pc12g06050
OG0005755		Pc12g06070
OG0005756		Pc12g09840
OG0005757		Pc12g09890
OG0005758		Pc12g09910
OG0005759		Pc12g09940
OG0005760		Pc12g09960
OG0005761		Pc12g09970
OG0005762		Pc12g13560
OG0005763		Pc12g13590
OG0005764		Pc12g13670
OG0005765		Pc12g02540
OG0005766		Pc12g02580
OG0005767		Pc12g02590
OG0005768		Pc12g02610
OG0005769		Pc12g02630
OG0005770		Pc12g06210
OG0005771		Pc12g06240
OG0005772		Pc12g09990
OG0005773		Pc12g10010
OG0005774		Pc12g10020
OG0005775		Pc12g10070
OG0005776		Pc12g10090
OG0005777		Pc12g10100
OG0005778		Pc12g10120
OG0005779		Pc12g13820
OG0005780		Pc12g13840
OG0005781		Pc12g13850
OG0005782		Pc12g13910
OG0005783		Pc12g02750
OG0005784		Pc12g02770
OG0005785		Pc12g02780
OG0005786		Pc12g02860
OG0005787		Pc12g02910
OG0005788		Pc12g06390
OG0005789		Pc12g06440
OG0005790		Pc12g06450
OG0005791		Pc12g06500
OG0005792		Pc12g06510
OG0005793		Pc12g06560
OG0005794		Pc12g06580
OG0005795		Pc12g06660
OG0005796		Pc12g10210
OG0005797		Pc12g10240
OG0005798		Pc12g10370
OG0005799		Pc12g10430
OG0005800		Pc12g13980
OG0005801		Pc12g14110
OG0005802		Pc12g14120
OG0005803		Pc12g14130
OG0005804		Pc12g14150
OG0005805		Pc12g14160
OG0005806		Pc12g02970
OG0005807		Pc12g03010
OG0005808		Pc12g03100
OG0005809		Pc12g03110
OG0005810		Pc12g03140
OG0005811		Pc12g03150
OG0005812		Pc12g03170
OG0005813		Pc12g06720
OG0005814		Pc12g06730
OG0005815		Pc12g06850
OG0005816		Pc12g10500
OG0005817		Pc12g10520
OG0005818		Pc12g10540
OG0005819		Pc12g10560
OG0005820		Pc12g10610
OG0005821		Pc12g10660
OG0005822		Pc12g14240
OG0005823		Pc12g14260
OG0005824		Pc12g14270
OG0005825		Pc12g14340
OG0005826		Pc12g14380
OG0005827		Pc12g03290
OG0005828		Pc12g03350
OG0005829		Pc12g03400
OG0005830		Pc12g06940
OG0005831		Pc12g06990
OG0005832		Pc12g07000
OG0005833		Pc12g07020
OG0005834		Pc12g07040
OG0005835		Pc12g07110
OG0005836		Pc12g07120
OG0005837		Pc12g07140
OG0005838		Pc12g10750
OG0005839		Pc12g10760
OG0005840		Pc12g10790
OG0005841		Pc12g10810
OG0005842		Pc12g14510
OG0005843		Pc12g14540
OG0005844		Pc12g14570
OG0005845		Pc12g14580
OG0005846		Pc12g14610
OG0005847		Pc12g14650
OG0005848		Pc13g00700
OG0005849		Pc13g00710
OG0005850		Pc13g00800
OG0005851		Pc13g00420
OG0005852		Pc13g00440
OG0005853		Pc13g00280
OG0005854		Pc13g00320
OG0005855		Pc13g00340
OG0005856		Pc13g00350
OG0005857		Pc13g00490
OG0005858		Pc13g00950
OG0005859		Pc13g01850
OG0005860		Pc13g01870
OG0005861		Pc13g01900
OG0005862		Pc13g02080
OG0005863		Pc13g02650
OG0005864		Pc13g02660
OG0005865		Pc13g02770
OG0005866		Pc13g02610
OG0005867		Pc13g02800
OG0005868		Pc13g02910
OG0005869		Pc13g02930
OG0005870		Pc13g02380
OG0005871		Pc13g02360
OG0005872		Pc13g02440
OG0005873		Pc13g02530
OG0005874		Pc13g00990
OG0005875		Pc13g01000
OG0005876		Pc13g01100
OG0005877		Pc13g01110
OG0005878		Pc13g01160
OG0005879		Pc13g01230
OG0005880		Pc13g01050
OG0005881		Pc13g01070
OG0005882		Pc13g01090
OG0005883		Pc13g01250
OG0005884		Pc13g01550
OG0005885		Pc13g01320
OG0005886		Pc13g01330
OG0005887		Pc13g01400
OG0005888		Pc13g01420
OG0005889		Pc13g01440
OG0005890		Pc13g01620
OG0005891		Pc13g01680
OG0005892		Pc13g01710
OG0005893		Pc13g01730
OG0005894		Pc13g01740
OG0005895		Pc13g01580
OG0005896		Pc13g01760
OG0005897		Pc13g01770
OG0005898		Pc13g01840
OG0005899		Pc13g03120
OG0005900		Pc13g03150
OG0005901		Pc13g03160
OG0005902		Pc13g03240
OG0005903		Pc13g03260
OG0005904		Pc13g03290
OG0005905		Pc13g03310
OG0005906		Pc13g03640
OG0005907		Pc13g03610
OG0005908		Pc13g03620
OG0005909		Pc13g03360
OG0005910		Pc13g03520
OG0005911		Pc13g03530
OG0005912		Pc13g03470
OG0005913		Pc13g03490
OG0005914		Pc13g03040
OG0005915		Pc13g03720
OG0005916		Pc13g03750
OG0005917		Pc13g03820
OG0005918		Pc13g03850
OG0005919		Pc13g03860
OG0005920		Pc13g03870
OG0005921		Pc13g04650
OG0005922		Pc13g04690
OG0005923		Pc13g04720
OG0005924		Pc13g04000
OG0005925		Pc13g04010
OG0005926		Pc13g04090
OG0005927		Pc13g04220
OG0005928		Pc13g04240
OG0005929		Pc13g04250
OG0005930		Pc13g04410
OG0005931		Pc13g04380
OG0005932		Pc13g04440
OG0005933		Pc13g04630
OG0005934		Pc13g04850
OG0005935		Pc13g04760
OG0005936		Pc13g04770
OG0005937		Pc13g04780
OG0005938		Pc13g04790
OG0005939		Pc13g04800
OG0005940		Pc13g04840
OG0005941		Pc13g04970
OG0005942		Pc13g04950
OG0005943		Pc13g05020
OG0005944		Pc13g05040
OG0005945		Pc13g05150
OG0005946		Pc13g04910
OG0005947		Pc13g14550
OG0005948		Pc13g14580
OG0005949		Pc13g14600
OG0005950		Pc13g14610
OG0005951		Pc13g14620
OG0005952		Pc13g05380
OG0005953		Pc13g05280
OG0005954		Pc13g05390
OG0005955		Pc13g05430
OG0005956		Pc13g14640
OG0005957		Pc13g14650
OG0005958		Pc13g14660
OG0005959		Pc13g14690
OG0005960		Pc13g14700
OG0005961		Pc13g14750
OG0005962		Pc13g05540
OG0005963		Pc13g14760
OG0005964		Pc13g14830
OG0005965		Pc13g14850
OG0005966		Pc13g15000
OG0005967		Pc13g15330
OG0005968		Pc13g15340
OG0005969		Pc13g15200
OG0005970		Pc13g15220
OG0005971		Pc13g15230
OG0005972		Pc13g15250
OG0005973		Pc13g15290
OG0005974		Pc13g15500
OG0005975		Pc13g15030
OG0005976		Pc13g15110
OG0005977		Pc13g15540
OG0005978		Pc13g05610
OG0005979		Pc13g05580
OG0005980		Pc13g05700
OG0005981		Pc13g05630
OG0005982		Pc13g05730
OG0005983		Pc13g15770
OG0005984		Pc13g15780
OG0005985		Pc13g15790
OG0005986		Pc13g15670
OG0005987		Pc13g15620
OG0005988		Pc13g15830
OG0005989		Pc13g15960
OG0005990		Pc13g15990
OG0005991		Pc13g16000
OG0005992		Pc13g05890
OG0005993		Pc13g12650
OG0005994		Pc13g12660
OG0005995		Pc13g12670
OG0005996		Pc13g12710
OG0005997		Pc13g12530
OG0005998		Pc13g12550
OG0005999		Pc13g12600
OG0006000		Pc13g12880
OG0006001		Pc13g12790
OG0006002		Pc13g12820
OG0006003		Pc13g12840
OG0006004		Pc13g12910
OG0006005		Pc13g05960
OG0006006		Pc13g05970
OG0006007		Pc13g06040
OG0006008		Pc13g13020
OG0006009		Pc13g13090
OG0006010		Pc13g13100
OG0006011		Pc13g13120
OG0006012		Pc13g13130
OG0006013		Pc13g13190
OG0006014		Pc13g06140
OG0006015		Pc13g06210
OG0006016		Pc13g06260
OG0006017		Pc13g06230
OG0006018		Pc13g06270
OG0006019		Pc13g06310
OG0006020		Pc13g06320
OG0006021		Pc13g06350
OG0006022		Pc13g06410
OG0006023		Pc13g06420
OG0006024		Pc13g06430
OG0006025		Pc13g13290
OG0006026		Pc13g06660
OG0006027		Pc13g06720
OG0006028		Pc13g06800
OG0006029		Pc13g13310
OG0006030		Pc13g13340
OG0006031		Pc13g13380
OG0006032		Pc13g13390
OG0006033		Pc13g13420
OG0006034		Pc13g13520
OG0006035		Pc13g06910
OG0006036		Pc13g06870
OG0006037		Pc13g06880
OG0006038		Pc13g06970
OG0006039		Pc13g06980
OG0006040		Pc13g07010
OG0006041		Pc13g07060
OG0006042		Pc13g07170
OG0006043		Pc13g07480
OG0006044		Pc13g07530
OG0006045		Pc13g07550
OG0006046		Pc13g07210
OG0006047		Pc13g07250
OG0006048		Pc13g07270
OG0006049		Pc13g09380
OG0006050		Pc13g07390
OG0006051		Pc13g07410
OG0006052		Pc13g07460
OG0006053		Pc13g07350
OG0006054		Pc13g07360
OG0006055		Pc13g10430
OG0006056		Pc13g10860
OG0006057		Pc13g10910
OG0006058		Pc13g10930
OG0006059		Pc13g11020
OG0006060		Pc13g10950
OG0006061		Pc13g10960
OG0006062		Pc13g11090
OG0006063		Pc13g11100
OG0006064		Pc13g11120
OG0006065		Pc13g11130
OG0006066		Pc13g10530
OG0006067		Pc13g10560
OG0006068		Pc13g10570
OG0006069		Pc13g10580
OG0006070		Pc13g10470
OG0006071		Pc13g10500
OG0006072		Pc13g10680
OG0006073		Pc13g10720
OG0006074		Pc13g09400
OG0006075		Pc13g09420
OG0006076		Pc13g09430
OG0006077		Pc13g09450
OG0006078		Pc13g09460
OG0006079		Pc13g09530
OG0006080		Pc13g09590
OG0006081		Pc13g09670
OG0006082		Pc13g09620
OG0006083		Pc13g07800
OG0006084		Pc13g07780
OG0006085		Pc13g07940
OG0006086		Pc13g07970
OG0006087		Pc13g08070
OG0006088		Pc13g08000
OG0006089		Pc13g08160
OG0006090		Pc13g08200
OG0006091		Pc13g08220
OG0006092		Pc13g08250
OG0006093		Pc13g08310
OG0006094		Pc13g08360
OG0006095		Pc13g08400
OG0006096		Pc13g08440
OG0006097		Pc13g08320
OG0006098		Pc13g08490
OG0006099		Pc13g08590
OG0006100		Pc13g08620
OG0006101		Pc13g08660
OG0006102		Pc13g08740
OG0006103		Pc13g08800
OG0006104		Pc13g08810
OG0006105		Pc13g09700
OG0006106		Pc13g08970
OG0006107		Pc13g08930
OG0006108		Pc13g09090
OG0006109		Pc13g09120
OG0006110		Pc13g09150
OG0006111		Pc13g09160
OG0006112		Pc13g09240
OG0006113		Pc13g09280
OG0006114		Pc13g09860
OG0006115		Pc13g09990
OG0006116		Pc13g10020
OG0006117		Pc13g10040
OG0006118		Pc13g10130
OG0006119		Pc13g10190
OG0006120		Pc13g10340
OG0006121		Pc13g10350
OG0006122		Pc13g10370
OG0006123		Pc13g11390
OG0006124		Pc13g11440
OG0006125		Pc13g11460
OG0006126		Pc13g11480
OG0006127		Pc13g11520
OG0006128		Pc13g11550
OG0006129		Pc13g11170
OG0006130		Pc13g11290
OG0006131		Pc13g11210
OG0006132		Pc13g11620
OG0006133		Pc13g11560
OG0006134		Pc13g11580
OG0006135		Pc13g11590
OG0006136		Pc13g11610
OG0006137		Pc13g12000
OG0006138		Pc13g11830
OG0006139		Pc13g11840
OG0006140		Pc13g11870
OG0006141		Pc13g11900
OG0006142		Pc13g13720
OG0006143		Pc13g13790
OG0006144		Pc13g13850
OG0006145		Pc13g13870
OG0006146		Pc13g14000
OG0006147		Pc13g14010
OG0006148		Pc13g14050
OG0006149		Pc13g14040
OG0006150		Pc13g14060
OG0006151		Pc13g14100
OG0006152		Pc13g12050
OG0006153		Pc13g12110
OG0006154		Pc13g12040
OG0006155		Pc13g12120
OG0006156		Pc13g12150
OG0006157		Pc13g12260
OG0006158		Pc13g12310
OG0006159		Pc13g12340
OG0006160		Pc13g12430
OG0006161		Pc13g12460
OG0006162		Pc13g12470
OG0006163		Pc13g14280
OG0006164		Pc13g14220
OG0006165		Pc13g14230
OG0006166		Pc13g14180
OG0006167		Pc13g12520
OG0006168		Pc13g00110
OG0006169		Pc13g00140
OG0006170		Pc14g00130
OG0006171		Pc14g00110
OG0006172		Pc14g00330
OG0006173		Pc14g00040
OG0006174		Pc14g00480
OG0006175		Pc14g00550
OG0006176		Pc14g00050
OG0006177		Pc14g00070
OG0006178		Pc14g00780
OG0006179		Pc14g00810
OG0006180		Pc14g00840
OG0006181		Pc14g00930
OG0006182		Pc14g01020
OG0006183		Pc14g01110
OG0006184		Pc14g01280
OG0006185		Pc14g01310
OG0006186		Pc14g01410
OG0006187		Pc14g01480
OG0006188		Pc14g01520
OG0006189		Pc14g01530
OG0006190		Pc14g01580
OG0006191		Pc14g01620
OG0006192		Pc14g01660
OG0006193		Pc14g01710
OG0006194		Pc14g01720
OG0006195		Pc14g01780
OG0006196		Pc14g01840
OG0006197		Pc14g01870
OG0006198		Pc14g01880
OG0006199		Pc14g01920
OG0006200		Pc14g01990
OG0006201		Pc14g02040
OG0006202		Pc14g02170
OG0006203		Pc14g02200
OG0006204		Pc14g02320
OG0006205		Pc15g01280
OG0006206		Pc15g01340
OG0006207		Pc15g01390
OG0006208		Pc15g01560
OG0006209		Pc15g01590
OG0006210		Pc15g01640
OG0006211		Pc15g01680
OG0006212		Pc15g01690
OG0006213		Pc15g01730
OG0006214		Pc15g01780
OG0006215		Pc15g01790
OG0006216		Pc15g01830
OG0006217		Pc15g01910
OG0006218		Pc15g01950
OG0006219		Pc15g01970
OG0006220		Pc15g01980
OG0006221		Pc15g02010
OG0006222		Pc15g02040
OG0006223		Pc15g02050
OG0006224		Pc15g02130
OG0006225		Pc15g02140
OG0006226		Pc15g02150
OG0006227		Pc15g00040
OG0006228		Pc15g00110
OG0006229		Pc15g00130
OG0006230		Pc15g00290
OG0006231		Pc15g00350
OG0006232		Pc15g00370
OG0006233		Pc15g00590
OG0006234		Pc15g00610
OG0006235		Pc15g00730
OG0006236		Pc15g00740
OG0006237		Pc15g00760
OG0006238		Pc15g00820
OG0006239		Pc15g00840
OG0006240		Pc15g00850
OG0006241		Pc15g00890
OG0006242		Pc15g00920
OG0006243		Pc15g00930
OG0006244		Pc15g01000
OG0006245		Pc15g01020
OG0006246		Pc15g01050
OG0006247		Pc15g01180
OG0006248		Pc16g00010
OG0006249		Pc16g00020
OG0006250		Pc16g00150
OG0006251		Pc16g00250
OG0006252		Pc16g00480
OG0006253		Pc16g00420
OG0006254		Pc16g00430
OG0006255		Pc16g00460
OG0006256		Pc16g00650
OG0006257		Pc16g00750
OG0006258		Pc16g00760
OG0006259		Pc16g00810
OG0006260		Pc16g00970
OG0006261		Pc16g00870
OG0006262		Pc16g00900
OG0006263		Pc16g01000
OG0006264		Pc16g01010
OG0006265		Pc16g01020
OG0006266		Pc16g01120
OG0006267		Pc16g01130
OG0006268		Pc16g01170
OG0006269		Pc16g01220
OG0006270		Pc16g01290
OG0006271		Pc16g01640
OG0006272		Pc16g02440
OG0006273		Pc16g02450
OG0006274		Pc16g02570
OG0006275		Pc16g02580
OG0006276		Pc16g02640
OG0006277		Pc16g01760
OG0006278		Pc16g01780
OG0006279		Pc16g01860
OG0006280		Pc16g02500
OG0006281		Pc16g02510
OG0006282		Pc16g02520
OG0006283		Pc16g02110
OG0006284		Pc16g02160
OG0006285		Pc16g02180
OG0006286		Pc16g02230
OG0006287		Pc16g01920
OG0006288		Pc16g01930
OG0006289		Pc16g01940
OG0006290		Pc16g01950
OG0006291		Pc16g01990
OG0006292		Pc16g02010
OG0006293		Pc16g02350
OG0006294		Pc16g06510
OG0006295		Pc16g06550
OG0006296		Pc16g06560
OG0006297		Pc16g07200
OG0006298		Pc16g07220
OG0006299		Pc16g07240
OG0006300		Pc16g07260
OG0006301		Pc16g09540
OG0006302		Pc16g09640
OG0006303		Pc16g06880
OG0006304		Pc16g07280
OG0006305		Pc16g07290
OG0006306		Pc16g06660
OG0006307		Pc16g06670
OG0006308		Pc16g02740
OG0006309		Pc16g02770
OG0006310		Pc16g02810
OG0006311		Pc16g02840
OG0006312		Pc16g02900
OG0006313		Pc16g07380
OG0006314		Pc16g03000
OG0006315		Pc16g03040
OG0006316		Pc16g07880
OG0006317		Pc16g03310
OG0006318		Pc16g03320
OG0006319		Pc16g06750
OG0006320		Pc16g06760
OG0006321		Pc16g06780
OG0006322		Pc16g06810
OG0006323		Pc16g08010
OG0006324		Pc16g08050
OG0006325		Pc16g08100
OG0006326		Pc16g03580
OG0006327		Pc16g03610
OG0006328		Pc16g03670
OG0006329		Pc16g03550
OG0006330		Pc16g03720
OG0006331		Pc16g03770
OG0006332		Pc16g06970
OG0006333		Pc16g07020
OG0006334		Pc16g07030
OG0006335		Pc16g07050
OG0006336		Pc16g07680
OG0006337		Pc16g07710
OG0006338		Pc16g07750
OG0006339		Pc16g07670
OG0006340		Pc16g08370
OG0006341		Pc16g08380
OG0006342		Pc16g08420
OG0006343		Pc16g08680
OG0006344		Pc16g03790
OG0006345		Pc16g03820
OG0006346		Pc16g03840
OG0006347		Pc16g03920
OG0006348		Pc16g03930
OG0006349		Pc16g07480
OG0006350		Pc16g07510
OG0006351		Pc16g07570
OG0006352		Pc16g08270
OG0006353		Pc16g08340
OG0006354		Pc16g08220
OG0006355		Pc16g08990
OG0006356		Pc16g09010
OG0006357		Pc16g09050
OG0006358		Pc16g03950
OG0006359		Pc16g03960
OG0006360		Pc16g03970
OG0006361		Pc16g05450
OG0006362		Pc16g05510
OG0006363		Pc16g05530
OG0006364		Pc16g05560
OG0006365		Pc16g07980
OG0006366		Pc16g07990
OG0006367		Pc16g08000
OG0006368		Pc16g08720
OG0006369		Pc16g08730
OG0006370		Pc16g08780
OG0006371		Pc16g08790
OG0006372		Pc16g08830
OG0006373		Pc16g09310
OG0006374		Pc16g09350
OG0006375		Pc16g09360
OG0006376		Pc16g09410
OG0006377		Pc16g10560
OG0006378		Pc16g04170
OG0006379		Pc16g04180
OG0006380		Pc16g04190
OG0006381		Pc16g04200
OG0006382		Pc16g05690
OG0006383		Pc16g05730
OG0006384		Pc16g05750
OG0006385		Pc16g05820
OG0006386		Pc16g05580
OG0006387		Pc16g06010
OG0006388		Pc16g06070
OG0006389		Pc16g08540
OG0006390		Pc16g08510
OG0006391		Pc16g09700
OG0006392		Pc16g04250
OG0006393		Pc16g04260
OG0006394		Pc16g04290
OG0006395		Pc16g04300
OG0006396		Pc16g04350
OG0006397		Pc16g05860
OG0006398		Pc16g05980
OG0006399		Pc16g08930
OG0006400		Pc16g08940
OG0006401		Pc16g08910
OG0006402		Pc16g02910
OG0006403		Pc16g04430
OG0006404		Pc16g04540
OG0006405		Pc16g04550
OG0006406		Pc16g06200
OG0006407		Pc16g06240
OG0006408		Pc16g06250
OG0006409		Pc16g09240
OG0006410		Pc16g09750
OG0006411		Pc16g09760
OG0006412		Pc16g09780
OG0006413		Pc16g09830
OG0006414		Pc16g09850
OG0006415		Pc16g09890
OG0006416		Pc16g03120
OG0006417		Pc16g03150
OG0006418		Pc16g03220
OG0006419		Pc16g03230
OG0006420		Pc16g03240
OG0006421		Pc16g03270
OG0006422		Pc16g04680
OG0006423		Pc16g04570
OG0006424		Pc16g06280
OG0006425		Pc16g06290
OG0006426		Pc16g06310
OG0006427		Pc16g06320
OG0006428		Pc16g06330
OG0006429		Pc16g10160
OG0006430		Pc16g10200
OG0006431		Pc16g10260
OG0006432		Pc16g03370
OG0006433		Pc16g03390
OG0006434		Pc16g03400
OG0006435		Pc16g03420
OG0006436		Pc16g03440
OG0006437		Pc16g03450
OG0006438		Pc16g03470
OG0006439		Pc16g04750
OG0006440		Pc16g04790
OG0006441		Pc16g09950
OG0006442		Pc16g09990
OG0006443		Pc16g10030
OG0006444		Pc16g10660
OG0006445		Pc16g10680
OG0006446		Pc16g04840
OG0006447		Pc16g04950
OG0006448		Pc16g05000
OG0006449		Pc16g05010
OG0006450		Pc16g05070
OG0006451		Pc16g05090
OG0006452		Pc16g05110
OG0006453		Pc16g05160
OG0006454		Pc16g06410
OG0006455		Pc16g06440
OG0006456		Pc16g06460
OG0006457		Pc16g10370
OG0006458		Pc16g10290
OG0006459		Pc16g10740
OG0006460		Pc16g10780
OG0006461		Pc16g10800
OG0006462		Pc16g10880
OG0006463		Pc16g10910
OG0006464		Pc16g10920
OG0006465		Pc16g05180
OG0006466		Pc16g05190
OG0006467		Pc16g05280
OG0006468		Pc16g05300
OG0006469		Pc16g05340
OG0006470		Pc16g11430
OG0006471		Pc16g11440
OG0006472		Pc16g10980
OG0006473		Pc16g11140
OG0006474		Pc16g11160
OG0006475		Pc16g11170
OG0006476		Pc16g11050
OG0006477		Pc16g11090
OG0006478		Pc16g11190
OG0006479		Pc16g11290
OG0006480		Pc16g11300
OG0006481		Pc16g11370
OG0006482		Pc16g11510
OG0006483		Pc16g11640
OG0006484		Pc16g11880
OG0006485		Pc16g11900
OG0006486		Pc16g11520
OG0006487		Pc16g11530
OG0006488		Pc16g11580
OG0006489		Pc16g11850
OG0006490		Pc16g12050
OG0006491		Pc16g12020
OG0006492		Pc16g13980
OG0006493		Pc16g14020
OG0006494		Pc16g14160
OG0006495		Pc16g14180
OG0006496		Pc16g14300
OG0006497		Pc16g14340
OG0006498		Pc16g14400
OG0006499		Pc16g14420
OG0006500		Pc16g14500
OG0006501		Pc16g14600
OG0006502		Pc16g14750
OG0006503		Pc16g14900
OG0006504		Pc16g14910
OG0006505		Pc16g14940
OG0006506		Pc16g15060
OG0006507		Pc16g15090
OG0006508		Pc16g15200
OG0006509		Pc16g15350
OG0006510		Pc16g15390
OG0006511		Pc16g15420
OG0006512		Pc16g15450
OG0006513		Pc16g12060
OG0006514		Pc16g12110
OG0006515		Pc16g12140
OG0006516		Pc16g12150
OG0006517		Pc16g12180
OG0006518		Pc16g12240
OG0006519		Pc16g12290
OG0006520		Pc16g12300
OG0006521		Pc16g12420
OG0006522		Pc16g12460
OG0006523		Pc16g12490
OG0006524		Pc16g12500
OG0006525		Pc16g12530
OG0006526		Pc16g12590
OG0006527		Pc16g12630
OG0006528		Pc16g12700
OG0006529		Pc16g12720
OG0006530		Pc16g12730
OG0006531		Pc16g12740
OG0006532		Pc16g12770
OG0006533		Pc16g12870
OG0006534		Pc16g12930
OG0006535		Pc16g12990
OG0006536		Pc16g13000
OG0006537		Pc16g13040
OG0006538		Pc16g13070
OG0006539		Pc16g13090
OG0006540		Pc16g13130
OG0006541		Pc16g13210
OG0006542		Pc16g13260
OG0006543		Pc16g13270
OG0006544		Pc16g13370
OG0006545		Pc16g13420
OG0006546		Pc16g13470
OG0006547		Pc16g13530
OG0006548		Pc16g13610
OG0006549		Pc16g13630
OG0006550		Pc16g13640
OG0006551		Pc16g13650
OG0006552		Pc16g13660
OG0006553		Pc16g13710
OG0006554		Pc16g13730
OG0006555		Pc16g13760
OG0006556		Pc16g13780
OG0006557		Pc16g13840
OG0006558		Pc16g13860
OG0006559		Pc16g13870
OG0006560		Pc16g13900
OG0006561		Pc16g13940
OG0006562		Pc17g00240
OG0006563		Pc17g00290
OG0006564		Pc17g00350
OG0006565		Pc17g00410
OG0006566		Pc17g00630
OG0006567		Pc17g00650
OG0006568		Pc17g00680
OG0006569		Pc17g00710
OG0006570		Pc17g00730
OG0006571		Pc17g00760
OG0006572		Pc17g00770
OG0006573		Pc17g00780
OG0006574		Pc17g00790
OG0006575		Pc17g00810
OG0006576		Pc17g00830
OG0006577		Pc17g00870
OG0006578		Pc17g00900
OG0006579		Pc17g01210
OG0006580		Pc17g01220
OG0006581		Pc18g02830
OG0006582		Pc18g02870
OG0006583		Pc18g02940
OG0006584		Pc18g02990
OG0006585		Pc18g03020
OG0006586		Pc18g03040
OG0006587		Pc18g03160
OG0006588		Pc18g03170
OG0006589		Pc18g03190
OG0006590		Pc18g03210
OG0006591		Pc18g03340
OG0006592		Pc18g03380
OG0006593		Pc18g03440
OG0006594		Pc18g03510
OG0006595		Pc18g03520
OG0006596		Pc18g03530
OG0006597		Pc18g03570
OG0006598		Pc18g03620
OG0006599		Pc18g03660
OG0006600		Pc18g03760
OG0006601		Pc18g03770
OG0006602		Pc18g03780
OG0006603		Pc18g03790
OG0006604		Pc18g03950
OG0006605		Pc18g04030
OG0006606		Pc18g04040
OG0006607		Pc18g04060
OG0006608		Pc18g04080
OG0006609		Pc18g04120
OG0006610		Pc18g04200
OG0006611		Pc18g04280
OG0006612		Pc18g04310
OG0006613		Pc18g04330
OG0006614		Pc18g04350
OG0006615		Pc18g04360
OG0006616		Pc18g04380
OG0006617		Pc18g04400
OG0006618		Pc18g04430
OG0006619		Pc18g04460
OG0006620		Pc18g04470
OG0006621		Pc18g04520
OG0006622		Pc18g00160
OG0006623		Pc18g00230
OG0006624		Pc18g00270
OG0006625		Pc18g00300
OG0006626		Pc18g04580
OG0006627		Pc18g04590
OG0006628		Pc18g04620
OG0006629		Pc18g04630
OG0006630		Pc18g04640
OG0006631		Pc18g04670
OG0006632		Pc18g04700
OG0006633		Pc18g04720
OG0006634		Pc18g04800
OG0006635		Pc18g00370
OG0006636		Pc18g00410
OG0006637		Pc18g00450
OG0006638		Pc18g00460
OG0006639		Pc18g00480
OG0006640		Pc18g00630
OG0006641		Pc18g04850
OG0006642		Pc18g04870
OG0006643		Pc18g04880
OG0006644		Pc18g04890
OG0006645		Pc18g04900
OG0006646		Pc18g04930
OG0006647		Pc18g04940
OG0006648		Pc18g04950
OG0006649		Pc18g00640
OG0006650		Pc18g00670
OG0006651		Pc18g00710
OG0006652		Pc18g00750
OG0006653		Pc18g00810
OG0006654		Pc18g00840
OG0006655		Pc18g05170
OG0006656		Pc18g05200
OG0006657		Pc18g05240
OG0006658		Pc18g05290
OG0006659		Pc18g05310
OG0006660		Pc18g00890
OG0006661		Pc18g00920
OG0006662		Pc18g00980
OG0006663		Pc18g00990
OG0006664		Pc18g01020
OG0006665		Pc18g01100
OG0006666		Pc18g01160
OG0006667		Pc18g05430
OG0006668		Pc18g05440
OG0006669		Pc18g05450
OG0006670		Pc18g05460
OG0006671		Pc18g05480
OG0006672		Pc18g05570
OG0006673		Pc18g05590
OG0006674		Pc18g05660
OG0006675		Pc18g05670
OG0006676		Pc18g01200
OG0006677		Pc18g01260
OG0006678		Pc18g01340
OG0006679		Pc18g01350
OG0006680		Pc18g01380
OG0006681		Pc18g05810
OG0006682		Pc18g05830
OG0006683		Pc18g05840
OG0006684		Pc18g05850
OG0006685		Pc18g05910
OG0006686		Pc18g05960
OG0006687		Pc18g01440
OG0006688		Pc18g01530
OG0006689		Pc18g01570
OG0006690		Pc18g01580
OG0006691		Pc18g01620
OG0006692		Pc18g01650
OG0006693		Pc18g01660
OG0006694		Pc18g01680
OG0006695		Pc18g01700
OG0006696		Pc18g05990
OG0006697		Pc18g06090
OG0006698		Pc18g06140
OG0006699		Pc18g06170
OG0006700		Pc18g06180
OG0006701		Pc18g01800
OG0006702		Pc18g01850
OG0006703		Pc18g01870
OG0006704		PCH_Pc18g01880
OG0006705		Pc18g06250
OG0006706		Pc18g06260
OG0006707		Pc18g06280
OG0006708		Pc18g06340
OG0006709		Pc18g06350
OG0006710		Pc18g06370
OG0006711		Pc18g06390
OG0006712		Pc18g06410
OG0006713		Pc18g06420
OG0006714		Pc18g01950
OG0006715		Pc18g01970
OG0006716		Pc18g02050
OG0006717		Pc18g02060
OG0006718		Pc18g02080
OG0006719		Pc18g02090
OG0006720		Pc18g02110
OG0006721		Pc18g02130
OG0006722		Pc18g06460
OG0006723		Pc18g06490
OG0006724		Pc18g06560
OG0006725		Pc18g06570
OG0006726		Pc18g06590
OG0006727		Pc18g06650
OG0006728		Pc18g06660
OG0006729		Pc18g02260
OG0006730		Pc18g02300
OG0006731		Pc18g02360
OG0006732		Pc18g02430
OG0006733		Pc18g02480
OG0006734		Pc18g02610
OG0006735		Pc18g02650
OG0006736		Pc18g02720
OG0006737		Pc18g02730
OG0006738		Pc18g02740
OG0006739		Pc19g00050
OG0006740		Pc19g00060
OG0006741		Pc19g00170
OG0006742		Pc19g00250
OG0006743		Pc19g00330
OG0006744		Pc19g00520
OG0006745		Pc19g00590
OG0006746		Pc19g00660
OG0006747		Pc19g00670
OG0006748		Pc19g00690
OG0006749		Pc20g01410
OG0006750		Pc20g01480
OG0006751		Pc20g04040
OG0006752		Pc20g04110
OG0006753		Pc20g04160
OG0006754		Pc20g06840
OG0006755		Pc20g06870
OG0006756		Pc20g06890
OG0006757		Pc20g06930
OG0006758		Pc20g06950
OG0006759		Pc20g07000
OG0006760		Pc20g07120
OG0006761		Pc20g07130
OG0006762		Pc20g07140
OG0006763		Pc20g07420
OG0006764		Pc20g07450
OG0006765		Pc20g07460
OG0006766		Pc20g07480
OG0006767		Pc20g01590
OG0006768		Pc20g04220
OG0006769		Pc20g04240
OG0006770		Pc20g04330
OG0006771		Pc20g04340
OG0006772		Pc20g07180
OG0006773		Pc20g07190
OG0006774		Pc20g11930
OG0006775		Pc20g11990
OG0006776		Pc20g12020
OG0006777		Pc20g12450
OG0006778		Pc20g12500
OG0006779		Pc20g12590
OG0006780		Pc20g01670
OG0006781		Pc20g01700
OG0006782		Pc20g01720
OG0006783		Pc20g01740
OG0006784		Pc20g01770
OG0006785		Pc20g04440
OG0006786		Pc20g04450
OG0006787		Pc20g04520
OG0006788		Pc20g04530
OG0006789		Pc20g04540
OG0006790		Pc20g14720
OG0006791		Pc20g14760
OG0006792		Pc20g14770
OG0006793		Pc20g14820
OG0006794		Pc20g14860
OG0006795		Pc20g14940
OG0006796		Pc20g14950
OG0006797		Pc20g14960
OG0006798		Pc20g15030
OG0006799		Pc20g15330
OG0006800		Pc20g15460
OG0006801		Pc20g15500
OG0006802		Pc20g15560
OG0006803		Pc20g01870
OG0006804		Pc20g01880
OG0006805		Pc20g01890
OG0006806		Pc20g01930
OG0006807		Pc20g04630
OG0006808		Pc20g04650
OG0006809		Pc20g04670
OG0006810		Pc20g04750
OG0006811		Pc20g15590
OG0006812		Pc20g15610
OG0006813		Pc20g15650
OG0006814		Pc20g15680
OG0006815		Pc20g15690
OG0006816		Pc20g15700
OG0006817		Pc20g15710
OG0006818		Pc20g15740
OG0006819		Pc20g15770
OG0006820		Pc20g01950
OG0006821		Pc20g02000
OG0006822		Pc20g02010
OG0006823		Pc20g02070
OG0006824		Pc20g04830
OG0006825		Pc20g02120
OG0006826		Pc20g02130
OG0006827		Pc20g02200
OG0006828		Pc20g02220
OG0006829		Pc20g02230
OG0006830		Pc20g04960
OG0006831		Pc20g04980
OG0006832		Pc20g05070
OG0006833		Pc20g05080
OG0006834		Pc20g02390
OG0006835		Pc20g02470
OG0006836		Pc20g05100
OG0006837		Pc20g05110
OG0006838		Pc20g05160
OG0006839		Pc20g05170
OG0006840		Pc20g05180
OG0006841		Pc20g05190
OG0006842		Pc20g05200
OG0006843		Pc20g02540
OG0006844		Pc20g02600
OG0006845		Pc20g02650
OG0006846		Pc20g07520
OG0006847		Pc20g07590
OG0006848		Pc20g07740
OG0006849		Pc20g07800
OG0006850		Pc20g07820
OG0006851		Pc20g07940
OG0006852		Pc20g07950
OG0006853		Pc20g07970
OG0006854		Pc20g07980
OG0006855		Pc20g07990
OG0006856		Pc20g08000
OG0006857		Pc20g08190
OG0006858		Pc20g08250
OG0006859		Pc20g08260
OG0006860		Pc20g00020
OG0006861		Pc20g00060
OG0006862		Pc20g00070
OG0006863		Pc20g00090
OG0006864		Pc20g00120
OG0006865		Pc20g02660
OG0006866		Pc20g02690
OG0006867		Pc20g02710
OG0006868		Pc20g02770
OG0006869		Pc20g02790
OG0006870		Pc20g05310
OG0006871		Pc20g05350
OG0006872		Pc20g05360
OG0006873		Pc20g05370
OG0006874		Pc20g05380
OG0006875		Pc20g05410
OG0006876		Pc20g05440
OG0006877		Pc20g05470
OG0006878		Pc20g08670
OG0006879		Pc20g08720
OG0006880		Pc20g08750
OG0006881		Pc20g08960
OG0006882		Pc20g09010
OG0006883		Pc20g09040
OG0006884		Pc20g09110
OG0006885		Pc20g09120
OG0006886		Pc20g09130
OG0006887		Pc20g09140
OG0006888		Pc20g00170
OG0006889		Pc20g00300
OG0006890		Pc20g02830
OG0006891		Pc20g02890
OG0006892		Pc20g02910
OG0006893		Pc20g02940
OG0006894		Pc20g05540
OG0006895		Pc20g05610
OG0006896		Pc20g05650
OG0006897		Pc20g05690
OG0006898		Pc20g09230
OG0006899		Pc20g09250
OG0006900		Pc20g09290
OG0006901		Pc20g09300
OG0006902		Pc20g09380
OG0006903		Pc20g09390
OG0006904		Pc20g09440
OG0006905		Pc20g09510
OG0006906		Pc20g09610
OG0006907		Pc20g09650
OG0006908		Pc20g09700
OG0006909		Pc20g00370
OG0006910		Pc20g00400
OG0006911		Pc20g00430
OG0006912		Pc20g03090
OG0006913		Pc20g03100
OG0006914		Pc20g05790
OG0006915		Pc20g05810
OG0006916		Pc20g05870
OG0006917		Pc20g09990
OG0006918		Pc20g10020
OG0006919		Pc20g10030
OG0006920		Pc20g10150
OG0006921		Pc20g10160
OG0006922		Pc20g10180
OG0006923		Pc20g10200
OG0006924		Pc20g10220
OG0006925		Pc20g10340
OG0006926		Pc20g10370
OG0006927		Pc20g00510
OG0006928		Pc20g00560
OG0006929		Pc20g03300
OG0006930		Pc20g03310
OG0006931		Pc20g05950
OG0006932		Pc20g05980
OG0006933		Pc20g05990
OG0006934		Pc20g06020
OG0006935		Pc20g06060
OG0006936		Pc20g06100
OG0006937		Pc20g10380
OG0006938		Pc20g10410
OG0006939		Pc20g10420
OG0006940		Pc20g10450
OG0006941		Pc20g10460
OG0006942		Pc20g10510
OG0006943		Pc20g10530
OG0006944		Pc20g10540
OG0006945		Pc20g10610
OG0006946		Pc20g10620
OG0006947		Pc20g10630
OG0006948		Pc20g10680
OG0006949		Pc20g10720
OG0006950		Pc20g10740
OG0006951		Pc20g10760
OG0006952		Pc20g10770
OG0006953		Pc20g10830
OG0006954		Pc20g10960
OG0006955		Pc20g10970
OG0006956		Pc20g10980
OG0006957		Pc20g00610
OG0006958		Pc20g00620
OG0006959		Pc20g03320
OG0006960		Pc20g03350
OG0006961		Pc20g03360
OG0006962		Pc20g03400
OG0006963		Pc20g03410
OG0006964		Pc20g03440
OG0006965		Pc20g06120
OG0006966		Pc20g06150
OG0006967		Pc20g06180
OG0006968		Pc20g06190
OG0006969		Pc20g06260
OG0006970		Pc20g11120
OG0006971		Pc20g11210
OG0006972		Pc20g11220
OG0006973		Pc20g11230
OG0006974		Pc20g11280
OG0006975		Pc20g11300
OG0006976		Pc20g11310
OG0006977		Pc20g11420
OG0006978		Pc20g11480
OG0006979		Pc20g11490
OG0006980		Pc20g11500
OG0006981		Pc20g11510
OG0006982		Pc20g11590
OG0006983		Pc20g11640
OG0006984		Pc20g11680
OG0006985		Pc20g11700
OG0006986		Pc20g11720
OG0006987		Pc20g11780
OG0006988		Pc20g11830
OG0006989		Pc20g11880
OG0006990		Pc20g00860
OG0006991		Pc20g00890
OG0006992		Pc20g00900
OG0006993		Pc20g03460
OG0006994		Pc20g06290
OG0006995		Pc20g12190
OG0006996		Pc20g12200
OG0006997		Pc20g12220
OG0006998		Pc20g12250
OG0006999		Pc20g12280
OG0007000		Pc20g12290
OG0007001		Pc20g12300
OG0007002		Pc20g12330
OG0007003		Pc20g12400
OG0007004		Pc20g12750
OG0007005		Pc20g12820
OG0007006		Pc20g12830
OG0007007		Pc20g12860
OG0007008		Pc20g12910
OG0007009		Pc20g12920
OG0007010		Pc20g12960
OG0007011		Pc20g12980
OG0007012		Pc20g13030
OG0007013		Pc20g13060
OG0007014		Pc20g13080
OG0007015		Pc20g13120
OG0007016		Pc20g13140
OG0007017		Pc20g13160
OG0007018		Pc20g13200
OG0007019		Pc20g00940
OG0007020		Pc20g00970
OG0007021		Pc20g00980
OG0007022		Pc20g01000
OG0007023		Pc20g01110
OG0007024		Pc20g03650
OG0007025		Pc20g03720
OG0007026		Pc20g03770
OG0007027		Pc20g03780
OG0007028		Pc20g13210
OG0007029		Pc20g13220
OG0007030		Pc20g13260
OG0007031		Pc20g13380
OG0007032		Pc20g13390
OG0007033		Pc20g13480
OG0007034		Pc20g13620
OG0007035		Pc20g13640
OG0007036		Pc20g13660
OG0007037		Pc20g13690
OG0007038		Pc20g13730
OG0007039		Pc20g13860
OG0007040		Pc20g13870
OG0007041		Pc20g13890
OG0007042		Pc20g13960
OG0007043		Pc20g13980
OG0007044		Pc20g13990
OG0007045		Pc20g01180
OG0007046		Pc20g01190
OG0007047		Pc20g01230
OG0007048		Pc20g01280
OG0007049		Pc20g03830
OG0007050		Pc20g03950
OG0007051		Pc20g03990
OG0007052		Pc20g06650
OG0007053		Pc20g06730
OG0007054		Pc20g14120
OG0007055		Pc20g14150
OG0007056		Pc20g14160
OG0007057		Pc20g14170
OG0007058		Pc20g14190
OG0007059		Pc20g14230
OG0007060		Pc20g14280
OG0007061		Pc20g14290
OG0007062		Pc20g14380
OG0007063		Pc20g14420
OG0007064		Pc20g14430
OG0007065		Pc20g14520
OG0007066		Pc20g14530
OG0007067		Pc20g14540
OG0007068		Pc20g14570
OG0007069		Pc20g14590
OG0007070		Pc20g14600
OG0007071		Pc20g14630
OG0007072		Pc20g14650
OG0007073		Pc20g14700
OG0007074		Pc21g00730
OG0007075		Pc21g00740
OG0007076		Pc21g00750
OG0007077		Pc21g00770
OG0007078		Pc21g00780
OG0007079		Pc21g00790
OG0007080		Pc21g00880
OG0007081		Pc21g00950
OG0007082		Pc21g05340
OG0007083		Pc21g05390
OG0007084		Pc21g05410
OG0007085		Pc21g05420
OG0007086		Pc21g05530
OG0007087		Pc21g09760
OG0007088		Pc21g09800
OG0007089		Pc21g09840
OG0007090		Pc21g09880
OG0007091		Pc21g09950
OG0007092		Pc21g14080
OG0007093		Pc21g14110
OG0007094		Pc21g14150
OG0007095		Pc21g14170
OG0007096		Pc21g14180
OG0007097		Pc21g14290
OG0007098		Pc21g14300
OG0007099		Pc21g14310
OG0007100		Pc21g18490
OG0007101		Pc21g18500
OG0007102		Pc21g18510
OG0007103		Pc21g18570
OG0007104		Pc21g18610
OG0007105		Pc21g18640
OG0007106		Pc21g22830
OG0007107		Pc21g22850
OG0007108		Pc21g22870
OG0007109		Pc21g22930
OG0007110		Pc21g22940
OG0007111		Pc21g23040
OG0007112		Pc21g23050
OG0007113		Pc21g23060
OG0007114		Pc21g00980
OG0007115		Pc21g00990
OG0007116		Pc21g01070
OG0007117		Pc21g01080
OG0007118		Pc21g01180
OG0007119		Pc21g01200
OG0007120		Pc21g05600
OG0007121		Pc21g05620
OG0007122		Pc21g05630
OG0007123		Pc21g05650
OG0007124		Pc21g05710
OG0007125		Pc21g05720
OG0007126		Pc21g05790
OG0007127		Pc21g09960
OG0007128		Pc21g10000
OG0007129		Pc21g10010
OG0007130		Pc21g10020
OG0007131		Pc21g10030
OG0007132		Pc21g10080
OG0007133		Pc21g10140
OG0007134		Pc21g10220
OG0007135		Pc21g14370
OG0007136		Pc21g14380
OG0007137		Pc21g14420
OG0007138		Pc21g14510
OG0007139		Pc21g14600
OG0007140		Pc21g14610
OG0007141		Pc21g18740
OG0007142		Pc21g18770
OG0007143		Pc21g18820
OG0007144		Pc21g23140
OG0007145		Pc21g23270
OG0007146		Pc21g23300
OG0007147		Pc21g23330
OG0007148		Pc21g23350
OG0007149		Pc21g01260
OG0007150		Pc21g01380
OG0007151		Pc21g05870
OG0007152		Pc21g05890
OG0007153		Pc21g05970
OG0007154		Pc21g05990
OG0007155		Pc21g06040
OG0007156		Pc21g06070
OG0007157		Pc21g06120
OG0007158		Pc21g10240
OG0007159		Pc21g10270
OG0007160		Pc21g10280
OG0007161		Pc21g10290
OG0007162		Pc21g10450
OG0007163		Pc21g10480
OG0007164		Pc21g10490
OG0007165		Pc21g14640
OG0007166		Pc21g14710
OG0007167		Pc21g14800
OG0007168		Pc21g14810
OG0007169		Pc21g14860
OG0007170		Pc21g18930
OG0007171		Pc21g18960
OG0007172		Pc21g19020
OG0007173		Pc21g19060
OG0007174		Pc21g19140
OG0007175		Pc21g19170
OG0007176		Pc21g23420
OG0007177		Pc21g23430
OG0007178		Pc21g23460
OG0007179		Pc21g01500
OG0007180		Pc21g01520
OG0007181		Pc21g01560
OG0007182		Pc21g01570
OG0007183		Pc21g01600
OG0007184		Pc21g01650
OG0007185		Pc21g01660
OG0007186		Pc21g01680
OG0007187		Pc21g01790
OG0007188		Pc21g06140
OG0007189		Pc21g06150
OG0007190		Pc21g06180
OG0007191		Pc21g06270
OG0007192		Pc21g06360
OG0007193		Pc21g10570
OG0007194		Pc21g10650
OG0007195		Pc21g10660
OG0007196		Pc21g10690
OG0007197		Pc21g10700
OG0007198		Pc21g14930
OG0007199		Pc21g14940
OG0007200		Pc21g15000
OG0007201		Pc21g15060
OG0007202		Pc21g15110
OG0007203		Pc21g15120
OG0007204		Pc21g15130
OG0007205		Pc21g15150
OG0007206		Pc21g19220
OG0007207		Pc21g19230
OG0007208		Pc21g19290
OG0007209		Pc21g19300
OG0007210		Pc21g19340
OG0007211		Pc21g19370
OG0007212		Pc21g19400
OG0007213		Pc21g19410
OG0007214		Pc21g23890
OG0007215		Pc21g01830
OG0007216		Pc21g01850
OG0007217		Pc21g01860
OG0007218		Pc21g01900
OG0007219		Pc21g02110
OG0007220		Pc21g06500
OG0007221		Pc21g06530
OG0007222		Pc21g06550
OG0007223		Pc21g06620
OG0007224		Pc21g06660
OG0007225		Pc21g10720
OG0007226		Pc21g10740
OG0007227		Pc21g10760
OG0007228		Pc21g10810
OG0007229		Pc21g10920
OG0007230		Pc21g15200
OG0007231		Pc21g15210
OG0007232		Pc21g15280
OG0007233		Pc21g15330
OG0007234		Pc21g15400
OG0007235		Pc21g19440
OG0007236		Pc21g19480
OG0007237		Pc21g19490
OG0007238		Pc21g19500
OG0007239		Pc21g19550
OG0007240		Pc21g19610
OG0007241		Pc21g19620
OG0007242		Pc21g19670
OG0007243		Pc21g19680
OG0007244		Pc21g02180
OG0007245		Pc21g02250
OG0007246		Pc21g02280
OG0007247		Pc21g02390
OG0007248		Pc21g06780
OG0007249		Pc21g06800
OG0007250		Pc21g06850
OG0007251		Pc21g10970
OG0007252		Pc21g10980
OG0007253		Pc21g11000
OG0007254		Pc21g11010
OG0007255		Pc21g11040
OG0007256		Pc21g15510
OG0007257		Pc21g15520
OG0007258		Pc21g15550
OG0007259		Pc21g15600
OG0007260		Pc21g15610
OG0007261		Pc21g15620
OG0007262		Pc21g15640
OG0007263		Pc21g15680
OG0007264		Pc21g19710
OG0007265		Pc21g19740
OG0007266		Pc21g19750
OG0007267		Pc21g19780
OG0007268		Pc21g19800
OG0007269		Pc21g19840
OG0007270		Pc21g19850
OG0007271		Pc21g19900
OG0007272		Pc21g19950
OG0007273		Pc21g02480
OG0007274		Pc21g02540
OG0007275		Pc21g02560
OG0007276		Pc21g02580
OG0007277		Pc21g02600
OG0007278		Pc21g02610
OG0007279		Pc21g02620
OG0007280		Pc21g02670
OG0007281		Pc21g02680
OG0007282		Pc21g07080
OG0007283		Pc21g07130
OG0007284		Pc21g11220
OG0007285		Pc21g11340
OG0007286		Pc21g11370
OG0007287		Pc21g15710
OG0007288		Pc21g15780
OG0007289		Pc21g15790
OG0007290		Pc21g15810
OG0007291		Pc21g15820
OG0007292		Pc21g15860
OG0007293		Pc21g15930
OG0007294		Pc21g19980
OG0007295		Pc21g20120
OG0007296		Pc21g20130
OG0007297		Pc21g20170
OG0007298		Pc21g02730
OG0007299		Pc21g02770
OG0007300		Pc21g02780
OG0007301		Pc21g02820
OG0007302		Pc21g02860
OG0007303		Pc21g02890
OG0007304		Pc21g02960
OG0007305		Pc21g07240
OG0007306		Pc21g07290
OG0007307		Pc21g07340
OG0007308		Pc21g07380
OG0007309		Pc21g11480
OG0007310		Pc21g11570
OG0007311		Pc21g11600
OG0007312		Pc21g11620
OG0007313		Pc21g11650
OG0007314		Pc21g11660
OG0007315		Pc21g11690
OG0007316		Pc21g11710
OG0007317		Pc21g16010
OG0007318		Pc21g16040
OG0007319		Pc21g16110
OG0007320		Pc21g16150
OG0007321		Pc21g16160
OG0007322		Pc21g20330
OG0007323		Pc21g20370
OG0007324		Pc21g20410
OG0007325		Pc21g20500
OG0007326		Pc21g02980
OG0007327		Pc21g03070
OG0007328		Pc21g03080
OG0007329		Pc21g03090
OG0007330		Pc21g03210
OG0007331		Pc21g07480
OG0007332		Pc21g07490
OG0007333		Pc21g07540
OG0007334		Pc21g07600
OG0007335		Pc21g11810
OG0007336		Pc21g11850
OG0007337		Pc21g11860
OG0007338		Pc21g11880
OG0007339		Pc21g11900
OG0007340		Pc21g11920
OG0007341		Pc21g11940
OG0007342		Pc21g11970
OG0007343		Pc21g11990
OG0007344		Pc21g12030
OG0007345		Pc21g16230
OG0007346		Pc21g16260
OG0007347		Pc21g16270
OG0007348		Pc21g16290
OG0007349		Pc21g16390
OG0007350		Pc21g16400
OG0007351		Pc21g16440
OG0007352		Pc21g20530
OG0007353		Pc21g20540
OG0007354		Pc21g20560
OG0007355		Pc21g20640
OG0007356		Pc21g20680
OG0007357		Pc21g20730
OG0007358		Pc21g20740
OG0007359		Pc21g20800
OG0007360		Pc21g20820
OG0007361		Pc21g20830
OG0007362		Pc21g20840
OG0007363		Pc21g03280
OG0007364		Pc21g03350
OG0007365		Pc21g03410
OG0007366		Pc21g03480
OG0007367		Pc21g07720
OG0007368		Pc21g07770
OG0007369		Pc21g07800
OG0007370		Pc21g07820
OG0007371		Pc21g07840
OG0007372		Pc21g07880
OG0007373		Pc21g07900
OG0007374		Pc21g07910
OG0007375		Pc21g07930
OG0007376		Pc21g12110
OG0007377		Pc21g12130
OG0007378		Pc21g12140
OG0007379		Pc21g12200
OG0007380		Pc21g12300
OG0007381		Pc21g12310
OG0007382		Pc21g16470
OG0007383		Pc21g16490
OG0007384		Pc21g16500
OG0007385		Pc21g16560
OG0007386		Pc21g16580
OG0007387		Pc21g16620
OG0007388		Pc21g20930
OG0007389		Pc21g20970
OG0007390		Pc21g20980
OG0007391		Pc21g21090
OG0007392		Pc21g21150
OG0007393		Pc21g21160
OG0007394		Pc21g21170
OG0007395		Pc21g03520
OG0007396		Pc21g03580
OG0007397		Pc21g03600
OG0007398		Pc21g03620
OG0007399		Pc21g03710
OG0007400		Pc21g03740
OG0007401		Pc21g03750
OG0007402		Pc21g03760
OG0007403		Pc21g03770
OG0007404		Pc21g03780
OG0007405		Pc21g03790
OG0007406		Pc21g03850
OG0007407		Pc21g03890
OG0007408		Pc21g08000
OG0007409		Pc21g08010
OG0007410		Pc21g08030
OG0007411		Pc21g08140
OG0007412		Pc21g08150
OG0007413		Pc21g08170
OG0007414		Pc21g08300
OG0007415		Pc21g08310
OG0007416		Pc21g12430
OG0007417		Pc21g12470
OG0007418		Pc21g12550
OG0007419		Pc21g12560
OG0007420		Pc21g12580
OG0007421		Pc21g16750
OG0007422		Pc21g16760
OG0007423		Pc21g16770
OG0007424		Pc21g16780
OG0007425		Pc21g16800
OG0007426		Pc21g16820
OG0007427		Pc21g16850
OG0007428		Pc21g16860
OG0007429		Pc21g16870
OG0007430		Pc21g16910
OG0007431		Pc21g21180
OG0007432		Pc21g21210
OG0007433		Pc21g21290
OG0007434		Pc21g21300
OG0007435		Pc21g21440
OG0007436		Pc21g21450
OG0007437		Pc21g21480
OG0007438		Pc21g03910
OG0007439		Pc21g04050
OG0007440		Pc21g04060
OG0007441		Pc21g04070
OG0007442		Pc21g04090
OG0007443		Pc21g04150
OG0007444		Pc21g08440
OG0007445		Pc21g08450
OG0007446		Pc21g08460
OG0007447		Pc21g08500
OG0007448		Pc21g08540
OG0007449		Pc21g08550
OG0007450		Pc21g08580
OG0007451		Pc21g12650
OG0007452		Pc21g12670
OG0007453		Pc21g12720
OG0007454		Pc21g12850
OG0007455		Pc21g12860
OG0007456		Pc21g12870
OG0007457		Pc21g17030
OG0007458		Pc21g17070
OG0007459		Pc21g17140
OG0007460		Pc21g17270
OG0007461		Pc21g17280
OG0007462		Pc21g21600
OG0007463		Pc21g21680
OG0007464		Pc21g21770
OG0007465		Pc21g04160
OG0007466		Pc21g04300
OG0007467		Pc21g04320
OG0007468		Pc21g04350
OG0007469		Pc21g04370
OG0007470		Pc21g04380
OG0007471		Pc21g04420
OG0007472		Pc21g04440
OG0007473		Pc21g08640
OG0007474		Pc21g08650
OG0007475		Pc21g08720
OG0007476		Pc21g08850
OG0007477		Pc21g08860
OG0007478		Pc21g12940
OG0007479		Pc21g12970
OG0007480		Pc21g12980
OG0007481		Pc21g13000
OG0007482		Pc21g13150
OG0007483		Pc21g13170
OG0007484		Pc21g13190
OG0007485		Pc21g13200
OG0007486		Pc21g17330
OG0007487		Pc21g17390
OG0007488		Pc21g17450
OG0007489		Pc21g17520
OG0007490		Pc21g21830
OG0007491		Pc21g21840
OG0007492		Pc21g21860
OG0007493		Pc21g21870
OG0007494		Pc21g21920
OG0007495		Pc21g22060
OG0007496		Pc21g04640
OG0007497		Pc21g04700
OG0007498		Pc21g04740
OG0007499		Pc21g08980
OG0007500		Pc21g08990
OG0007501		Pc21g09010
OG0007502		Pc21g09060
OG0007503		Pc21g09070
OG0007504		Pc21g09110
OG0007505		Pc21g13290
OG0007506		Pc21g13300
OG0007507		Pc21g13310
OG0007508		Pc21g13330
OG0007509		Pc21g13390
OG0007510		Pc21g13410
OG0007511		Pc21g13450
OG0007512		Pc21g17540
OG0007513		Pc21g17550
OG0007514		Pc21g17580
OG0007515		Pc21g17620
OG0007516		Pc21g17830
OG0007517		Pc21g22100
OG0007518		Pc21g22110
OG0007519		Pc21g22130
OG0007520		Pc21g22170
OG0007521		Pc21g22180
OG0007522		Pc21g22300
OG0007523		Pc21g22310
OG0007524		Pc21g00140
OG0007525		Pc21g04820
OG0007526		Pc21g04860
OG0007527		Pc21g04960
OG0007528		Pc21g04970
OG0007529		Pc21g04980
OG0007530		Pc21g05020
OG0007531		Pc21g05030
OG0007532		Pc21g05040
OG0007533		Pc21g09230
OG0007534		Pc21g09270
OG0007535		Pc21g09310
OG0007536		Pc21g09330
OG0007537		Pc21g09340
OG0007538		Pc21g09360
OG0007539		Pc21g09370
OG0007540		Pc21g09390
OG0007541		Pc21g13550
OG0007542		Pc21g13570
OG0007543		Pc21g13590
OG0007544		Pc21g13630
OG0007545		Pc21g13660
OG0007546		Pc21g13730
OG0007547		Pc21g17860
OG0007548		Pc21g17930
OG0007549		Pc21g18020
OG0007550		Pc21g18030
OG0007551		Pc21g22400
OG0007552		Pc21g22410
OG0007553		Pc21g22420
OG0007554		Pc21g22570
OG0007555		Pc21g22580
OG0007556		Pc21g22590
OG0007557		Pc21g00490
OG0007558		Pc21g00530
OG0007559		Pc21g00600
OG0007560		Pc21g05130
OG0007561		Pc21g05140
OG0007562		Pc21g09490
OG0007563		Pc21g09580
OG0007564		Pc21g09610
OG0007565		Pc21g09640
OG0007566		Pc21g09660
OG0007567		Pc21g13770
OG0007568		Pc21g13780
OG0007569		Pc21g13800
OG0007570		Pc21g13850
OG0007571		Pc21g13880
OG0007572		Pc21g13910
OG0007573		Pc21g13960
OG0007574		Pc21g14000
OG0007575		Pc21g14010
OG0007576		Pc21g14070
OG0007577		Pc21g18070
OG0007578		Pc21g18090
OG0007579		Pc21g18180
OG0007580		Pc21g18200
OG0007581		Pc21g18240
OG0007582		Pc21g18270
OG0007583		Pc21g18340
OG0007584		Pc21g18360
OG0007585		Pc21g22610
OG0007586		Pc21g22630
OG0007587		Pc21g22700
OG0007588		Pc21g22780
OG0007589		Pc22g00010
OG0007590		Pc22g01140
OG0007591		Pc22g01200
OG0007592		Pc22g01210
OG0007593		Pc22g01680
OG0007594		Pc22g01220
OG0007595		Pc22g01280
OG0007596		Pc22g01290
OG0007597		Pc22g01370
OG0007598		Pc22g01430
OG0007599		Pc22g01440
OG0007600		Pc22g01390
OG0007601		Pc22g01460
OG0007602		Pc22g01480
OG0007603		Pc22g01930
OG0007604		Pc22g01950
OG0007605		Pc22g01990
OG0007606		Pc22g02100
OG0007607		Pc22g02110
OG0007608		Pc22g02130
OG0007609		Pc22g02140
OG0007610		Pc22g02160
OG0007611		Pc22g00090
OG0007612		Pc22g00140
OG0007613		Pc22g00160
OG0007614		Pc22g00190
OG0007615		Pc22g02260
OG0007616		Pc22g02270
OG0007617		Pc22g02370
OG0007618		Pc22g02390
OG0007619		Pc22g01830
OG0007620		Pc22g01870
OG0007621		Pc22g02520
OG0007622		Pc22g02570
OG0007623		Pc22g02580
OG0007624		Pc22g02440
OG0007625		Pc22g02450
OG0007626		Pc22g00310
OG0007627		Pc22g00330
OG0007628		Pc22g00390
OG0007629		Pc22g00430
OG0007630		Pc22g00540
OG0007631		Pc22g00600
OG0007632		Pc22g00640
OG0007633		Pc22g00650
OG0007634		Pc22g00720
OG0007635		Pc22g00790
OG0007636		Pc22g00800
OG0007637		Pc22g00850
OG0007638		Pc22g01550
OG0007639		Pc22g01560
OG0007640		Pc22g01030
OG0007641		Pc22g01050
OG0007642		Pc22g01080
OG0007643		Pc22g01090
OG0007644		Pc22g00930
OG0007645		Pc22g00940
OG0007646		Pc22g00950
OG0007647		Pc22g03080
OG0007648		Pc22g02850
OG0007649		Pc22g02870
OG0007650		Pc22g02900
OG0007651		Pc22g02920
OG0007652		Pc22g02980
OG0007653		Pc22g02990
OG0007654		Pc22g03000
OG0007655		Pc22g02710
OG0007656		Pc22g06440
OG0007657		Pc22g06510
OG0007658		Pc22g06540
OG0007659		Pc22g06550
OG0007660		Pc22g06620
OG0007661		Pc22g06700
OG0007662		Pc22g11060
OG0007663		Pc22g11090
OG0007664		Pc22g11130
OG0007665		Pc22g11150
OG0007666		Pc22g11220
OG0007667		Pc22g11230
OG0007668		Pc22g11270
OG0007669		Pc22g15480
OG0007670		Pc22g15580
OG0007671		Pc22g15630
OG0007672		Pc22g15670
OG0007673		Pc22g15700
OG0007674		Pc22g19670
OG0007675		Pc22g19740
OG0007676		Pc22g19840
OG0007677		Pc22g19870
OG0007678		Pc22g19880
OG0007679		Pc22g19900
OG0007680		Pc22g19910
OG0007681		Pc22g23890
OG0007682		Pc22g23920
OG0007683		Pc22g23930
OG0007684		Pc22g23960
OG0007685		Pc22g24010
OG0007686		Pc22g24060
OG0007687		Pc22g24080
OG0007688		Pc22g24090
OG0007689		Pc22g24100
OG0007690		Pc22g06730
OG0007691		Pc22g06750
OG0007692		Pc22g06810
OG0007693		Pc22g06870
OG0007694		Pc22g06930
OG0007695		Pc22g11280
OG0007696		Pc22g11300
OG0007697		Pc22g11400
OG0007698		Pc22g11410
OG0007699		Pc22g11440
OG0007700		Pc22g11460
OG0007701		Pc22g11520
OG0007702		Pc22g11530
OG0007703		Pc22g11550
OG0007704		Pc22g15740
OG0007705		Pc22g15760
OG0007706		Pc22g15770
OG0007707		Pc22g15790
OG0007708		Pc22g15800
OG0007709		Pc22g15810
OG0007710		Pc22g15850
OG0007711		Pc22g15860
OG0007712		Pc22g15870
OG0007713		Pc22g15880
OG0007714		Pc22g15940
OG0007715		Pc22g19930
OG0007716		Pc22g19960
OG0007717		Pc22g19980
OG0007718		Pc22g20010
OG0007719		Pc22g20020
OG0007720		Pc22g20090
OG0007721		Pc22g24330
OG0007722		Pc22g06990
OG0007723		Pc22g07010
OG0007724		Pc22g07080
OG0007725		Pc22g07180
OG0007726		Pc22g07240
OG0007727		Pc22g11650
OG0007728		Pc22g11700
OG0007729		Pc22g11750
OG0007730		Pc22g11760
OG0007731		Pc22g11770
OG0007732		Pc22g11800
OG0007733		Pc22g11810
OG0007734		Pc22g11820
OG0007735		Pc22g16020
OG0007736		Pc22g16050
OG0007737		Pc22g16080
OG0007738		Pc22g16090
OG0007739		Pc22g16100
OG0007740		Pc22g16130
OG0007741		Pc22g16200
OG0007742		Pc22g20220
OG0007743		Pc22g20240
OG0007744		Pc22g20310
OG0007745		Pc22g20350
OG0007746		Pc22g20430
OG0007747		Pc22g20440
OG0007748		Pc22g24430
OG0007749		Pc22g24470
OG0007750		Pc22g24490
OG0007751		Pc22g24510
OG0007752		Pc22g24540
OG0007753		Pc22g24550
OG0007754		Pc22g24610
OG0007755		Pc22g07250
OG0007756		Pc22g07420
OG0007757		Pc22g07540
OG0007758		Pc22g11890
OG0007759		Pc22g11920
OG0007760		Pc22g11960
OG0007761		Pc22g11990
OG0007762		Pc22g12010
OG0007763		Pc22g12050
OG0007764		Pc22g16260
OG0007765		Pc22g16270
OG0007766		Pc22g16320
OG0007767		Pc22g16330
OG0007768		Pc22g16380
OG0007769		Pc22g20480
OG0007770		Pc22g20510
OG0007771		Pc22g20540
OG0007772		Pc22g20560
OG0007773		Pc22g24670
OG0007774		Pc22g24740
OG0007775		Pc22g24820
OG0007776		Pc22g24840
OG0007777		Pc22g03190
OG0007778		Pc22g03200
OG0007779		Pc22g03210
OG0007780		Pc22g03230
OG0007781		Pc22g03280
OG0007782		Pc22g03290
OG0007783		Pc22g03380
OG0007784		Pc22g03410
OG0007785		Pc22g07630
OG0007786		Pc22g07650
OG0007787		Pc22g07730
OG0007788		Pc22g07750
OG0007789		Pc22g07820
OG0007790		Pc22g12170
OG0007791		Pc22g12220
OG0007792		Pc22g12230
OG0007793		Pc22g12280
OG0007794		Pc22g12300
OG0007795		Pc22g12320
OG0007796		Pc22g16550
OG0007797		Pc22g16650
OG0007798		Pc22g16720
OG0007799		Pc22g20750
OG0007800		Pc22g20870
OG0007801		Pc22g20880
OG0007802		Pc22g20900
OG0007803		Pc22g20910
OG0007804		Pc22g20930
OG0007805		Pc22g24920
OG0007806		Pc22g24940
OG0007807		Pc22g24950
OG0007808		Pc22g25100
OG0007809		Pc22g25110
OG0007810		Pc22g03480
OG0007811		Pc22g03490
OG0007812		Pc22g03540
OG0007813		Pc22g03690
OG0007814		Pc22g03730
OG0007815		Pc22g07930
OG0007816		Pc22g07950
OG0007817		Pc22g08020
OG0007818		Pc22g08060
OG0007819		Pc22g08090
OG0007820		Pc22g12420
OG0007821		Pc22g12430
OG0007822		Pc22g12440
OG0007823		Pc22g12470
OG0007824		Pc22g12500
OG0007825		Pc22g12520
OG0007826		Pc22g12640
OG0007827		Pc22g12660
OG0007828		Pc22g12670
OG0007829		Pc22g16750
OG0007830		Pc22g16790
OG0007831		Pc22g16850
OG0007832		Pc22g16870
OG0007833		Pc22g16900
OG0007834		Pc22g16920
OG0007835		Pc22g16950
OG0007836		Pc22g16980
OG0007837		Pc22g17010
OG0007838		Pc22g20990
OG0007839		Pc22g21000
OG0007840		Pc22g21050
OG0007841		Pc22g21060
OG0007842		Pc22g21070
OG0007843		Pc22g21110
OG0007844		Pc22g21150
OG0007845		Pc22g25220
OG0007846		Pc22g25280
OG0007847		Pc22g25330
OG0007848		Pc22g25340
OG0007849		Pc22g25360
OG0007850		Pc22g25370
OG0007851		Pc22g03760
OG0007852		Pc22g03770
OG0007853		Pc22g03790
OG0007854		Pc22g03800
OG0007855		Pc22g03890
OG0007856		Pc22g03910
OG0007857		Pc22g03960
OG0007858		Pc22g08180
OG0007859		Pc22g08200
OG0007860		Pc22g08210
OG0007861		Pc22g08230
OG0007862		Pc22g08290
OG0007863		Pc22g08310
OG0007864		Pc22g08350
OG0007865		Pc22g08380
OG0007866		Pc22g08390
OG0007867		Pc22g08400
OG0007868		Pc22g12680
OG0007869		Pc22g12720
OG0007870		Pc22g12750
OG0007871		Pc22g12810
OG0007872		Pc22g12910
OG0007873		Pc22g17050
OG0007874		Pc22g17090
OG0007875		Pc22g17160
OG0007876		Pc22g17190
OG0007877		Pc22g21320
OG0007878		Pc22g21370
OG0007879		Pc22g21460
OG0007880		Pc22g25440
OG0007881		Pc22g25460
OG0007882		Pc22g25480
OG0007883		Pc22g25520
OG0007884		Pc22g25600
OG0007885		Pc22g25610
OG0007886		Pc22g25670
OG0007887		Pc22g25690
OG0007888		Pc22g03980
OG0007889		Pc22g04010
OG0007890		Pc22g04030
OG0007891		Pc22g04110
OG0007892		Pc22g04130
OG0007893		Pc22g04160
OG0007894		Pc22g04180
OG0007895		Pc22g04200
OG0007896		Pc22g08450
OG0007897		Pc22g08470
OG0007898		Pc22g08570
OG0007899		Pc22g08610
OG0007900		Pc22g08620
OG0007901		Pc22g08630
OG0007902		Pc22g12920
OG0007903		Pc22g13050
OG0007904		Pc22g13230
OG0007905		Pc22g13240
OG0007906		Pc22g17320
OG0007907		Pc22g17340
OG0007908		Pc22g17380
OG0007909		Pc22g17400
OG0007910		Pc22g17430
OG0007911		Pc22g17500
OG0007912		Pc22g17510
OG0007913		Pc22g21470
OG0007914		Pc22g21520
OG0007915		Pc22g21560
OG0007916		Pc22g21610
OG0007917		Pc22g21680
OG0007918		Pc22g21690
OG0007919		Pc22g21720
OG0007920		Pc22g21740
OG0007921		Pc22g25740
OG0007922		Pc22g25750
OG0007923		Pc22g25780
OG0007924		Pc22g25810
OG0007925		Pc22g25820
OG0007926		Pc22g25860
OG0007927		Pc22g25940
OG0007928		Pc22g25950
OG0007929		Pc22g25960
OG0007930		Pc22g04280
OG0007931		Pc22g04330
OG0007932		Pc22g04370
OG0007933		Pc22g08710
OG0007934		Pc22g08760
OG0007935		Pc22g08780
OG0007936		Pc22g08830
OG0007937		Pc22g08840
OG0007938		Pc22g08860
OG0007939		Pc22g08900
OG0007940		Pc22g08910
OG0007941		Pc22g08920
OG0007942		Pc22g13250
OG0007943		Pc22g13270
OG0007944		Pc22g13290
OG0007945		Pc22g13310
OG0007946		Pc22g13380
OG0007947		Pc22g13400
OG0007948		Pc22g13410
OG0007949		Pc22g13420
OG0007950		Pc22g13430
OG0007951		Pc22g13440
OG0007952		Pc22g13460
OG0007953		Pc22g13510
OG0007954		Pc22g17570
OG0007955		Pc22g17580
OG0007956		Pc22g17590
OG0007957		Pc22g17640
OG0007958		Pc22g17650
OG0007959		Pc22g17730
OG0007960		Pc22g17770
OG0007961		Pc22g21810
OG0007962		Pc22g21850
OG0007963		Pc22g21870
OG0007964		Pc22g21880
OG0007965		Pc22g21920
OG0007966		Pc22g21940
OG0007967		Pc22g21970
OG0007968		Pc22g26050
OG0007969		Pc22g26060
OG0007970		Pc22g26100
OG0007971		Pc22g26200
OG0007972		Pc22g26240
OG0007973		Pc22g04480
OG0007974		Pc22g04570
OG0007975		Pc22g04630
OG0007976		Pc22g04670
OG0007977		Pc22g08980
OG0007978		Pc22g09000
OG0007979		Pc22g09040
OG0007980		Pc22g09060
OG0007981		Pc22g09080
OG0007982		Pc22g09100
OG0007983		Pc22g13530
OG0007984		Pc22g13560
OG0007985		Pc22g13570
OG0007986		Pc22g13580
OG0007987		Pc22g13620
OG0007988		Pc22g13700
OG0007989		Pc22g13750
OG0007990		Pc22g13760
OG0007991		Pc22g17840
OG0007992		Pc22g17850
OG0007993		Pc22g17860
OG0007994		Pc22g17890
OG0007995		Pc22g17920
OG0007996		Pc22g17950
OG0007997		Pc22g17970
OG0007998		Pc22g22030
OG0007999		Pc22g22050
OG0008000		Pc22g22090
OG0008001		Pc22g26260
OG0008002		Pc22g26290
OG0008003		Pc22g26330
OG0008004		Pc22g26500
OG0008005		Pc22g04790
OG0008006		Pc22g04810
OG0008007		Pc22g04900
OG0008008		Pc22g04930
OG0008009		Pc22g04950
OG0008010		Pc22g05060
OG0008011		Pc22g05090
OG0008012		Pc22g09240
OG0008013		Pc22g09320
OG0008014		Pc22g09360
OG0008015		Pc22g13820
OG0008016		Pc22g13840
OG0008017		Pc22g13940
OG0008018		Pc22g13970
OG0008019		Pc22g14060
OG0008020		Pc22g14090
OG0008021		Pc22g14120
OG0008022		Pc22g18040
OG0008023		Pc22g18060
OG0008024		Pc22g18070
OG0008025		Pc22g18120
OG0008026		Pc22g18170
OG0008027		Pc22g18250
OG0008028		Pc22g18270
OG0008029		Pc22g22300
OG0008030		Pc22g22310
OG0008031		Pc22g22340
OG0008032		Pc22g22370
OG0008033		Pc22g22520
OG0008034		Pc22g22570
OG0008035		Pc22g26830
OG0008036		Pc22g26900
OG0008037		Pc22g05120
OG0008038		Pc22g05170
OG0008039		Pc22g05230
OG0008040		Pc22g05250
OG0008041		Pc22g05270
OG0008042		Pc22g05350
OG0008043		Pc22g09390
OG0008044		Pc22g09420
OG0008045		Pc22g09450
OG0008046		Pc22g09520
OG0008047		Pc22g09550
OG0008048		Pc22g09620
OG0008049		Pc22g09630
OG0008050		Pc22g09640
OG0008051		Pc22g14130
OG0008052		Pc22g14200
OG0008053		Pc22g14210
OG0008054		Pc22g14260
OG0008055		Pc22g14280
OG0008056		Pc22g14310
OG0008057		Pc22g18370
OG0008058		Pc22g18450
OG0008059		Pc22g18460
OG0008060		Pc22g18520
OG0008061		Pc22g18570
OG0008062		Pc22g18580
OG0008063		Pc22g22600
OG0008064		Pc22g22690
OG0008065		Pc22g22740
OG0008066		Pc22g22750
OG0008067		Pc22g22760
OG0008068		Pc22g22830
OG0008069		Pc22g26980
OG0008070		Pc22g27060
OG0008071		Pc22g27080
OG0008072		Pc22g27150
OG0008073		Pc22g05450
OG0008074		Pc22g05550
OG0008075		Pc22g05560
OG0008076		Pc22g05570
OG0008077		Pc22g05590
OG0008078		Pc22g09770
OG0008079		Pc22g09780
OG0008080		Pc22g09800
OG0008081		Pc22g09850
OG0008082		Pc22g09870
OG0008083		Pc22g09960
OG0008084		Pc22g09970
OG0008085		Pc22g09980
OG0008086		Pc22g14610
OG0008087		Pc22g14660
OG0008088		Pc22g14680
OG0008089		Pc22g18610
OG0008090		Pc22g18640
OG0008091		Pc22g18670
OG0008092		Pc22g18840
OG0008093		Pc22g22980
OG0008094		Pc22g05670
OG0008095		Pc22g05710
OG0008096		Pc22g05720
OG0008097		Pc22g05770
OG0008098		Pc22g05780
OG0008099		PCH_Pc22g05800
OG0008100		Pc22g05820
OG0008101		Pc22g05830
OG0008102		Pc22g05840
OG0008103		Pc22g05870
OG0008104		Pc22g05890
OG0008105		Pc22g10050
OG0008106		Pc22g10110
OG0008107		Pc22g10180
OG0008108		Pc22g10230
OG0008109		Pc22g14730
OG0008110		Pc22g14790
OG0008111		Pc22g14800
OG0008112		Pc22g14830
OG0008113		Pc22g14910
OG0008114		Pc22g14940
OG0008115		Pc22g18860
OG0008116		Pc22g19010
OG0008117		Pc22g19090
OG0008118		Pc22g23090
OG0008119		Pc22g23220
OG0008120		Pc22g05910
OG0008121		Pc22g05930
OG0008122		Pc22g05950
OG0008123		Pc22g05960
OG0008124		Pc22g05970
OG0008125		Pc22g05990
OG0008126		Pc22g06000
OG0008127		Pc22g06050
OG0008128		Pc22g06150
OG0008129		Pc22g10270
OG0008130		Pc22g10360
OG0008131		Pc22g10420
OG0008132		Pc22g14990
OG0008133		Pc22g15000
OG0008134		Pc22g15040
OG0008135		Pc22g15060
OG0008136		Pc22g15080
OG0008137		Pc22g15090
OG0008138		Pc22g15160
OG0008139		Pc22g15240
OG0008140		Pc22g19130
OG0008141		Pc22g19140
OG0008142		Pc22g19170
OG0008143		Pc22g19210
OG0008144		Pc22g23380
OG0008145		Pc22g23510
OG0008146		Pc22g23530
OG0008147		Pc22g23590
OG0008148		Pc22g06320
OG0008149		Pc22g06410
OG0008150		Pc22g10770
OG0008151		Pc22g10790
OG0008152		Pc22g10910
OG0008153		Pc22g10960
OG0008154		Pc22g15270
OG0008155		Pc22g15280
OG0008156		Pc22g15320
OG0008157		Pc22g15330
OG0008158		Pc22g19460
OG0008159		Pc22g19480
OG0008160		Pc22g19510
OG0008161		Pc22g19570
OG0008162		Pc22g23630
OG0008163		Pc22g23640
OG0008164		Pc22g23670
OG0008165		Pc22g23680
OG0008166		Pc22g23730
OG0008167		Pc22g23850
OG0008168		Pc22g03030
OG0008169		Pc22g03010
OG0008170		Pc23g00190
OG0008171		Pc23g00250
OG0008172		Pc23g00270
OG0008173		Pc23g00390
OG0008174		Pc23g00410
OG0008175		Pc23g00460
OG0008176		Pc23g00500
OG0008177		Pc23g00540
OG0008178		Pc23g00580
OG0008179		Pc23g00650
OG0008180		Pc23g00690
OG0008181		Pc23g00710
OG0008182		Pc23g00740
OG0008183		Pc23g00810
OG0008184		Pc23g00860
OG0008185		Pc23g00950
OG0008186		Pc23g00960
OG0008187		Pc23g00990
OG0008188		Pc23g01000
OG0008189		Pc23g01030
OG0008190		Pc24g01160
OG0008191		Pc24g00360
OG0008192		Pc24g00390
OG0008193		Pc24g00400
OG0008194		Pc24g00590
OG0008195		Pc24g00690
OG0008196		Pc24g00760
OG0008197		Pc24g00770
OG0008198		Pc24g01320
OG0008199		Pc24g01480
OG0008200		Pc24g01600
OG0008201		Pc24g01610
OG0008202		Pc24g01910
OG0008203		Pc24g02010
OG0008204		Pc24g02120
OG0008205		Pc24g02210
OG0008206		Pc24g02230
OG0008207		Pc24g02500
OG0008208		Pc24g02620
OG0008209		Pc24g02670
OG0008210		Pc24g02720
OG0008211		Pc24g02890
OG0008212		Pc24g03020
OG0008213		Pc30g00010
OG0008214		Pc47g00010
OG0008215		Pc_m0230
OG0008216		Pc_m0380
